ID,Date,Date_EC,DateMission,Mission,Equipe,Pays,Site Region,Site Precis,Latitude (N ou S),GPS,GPS_lat_corrigée,Longitude (E ou W),GPS,GPS_long_corrigée,commentaire_GPS,Sexe,Age,Gestante,Lactation,Suitee,ReproStatus,Poids_gr,L_avant_bras_mm,L_totale_corps_mm,Taille_yeux,L_queue_mm,L_metacarpe_3ieme_doigt_mm,Couleur_pelage_dorsal,Couleur_pelage_ventral,ID Mere,Lieu de Capture,Dans:,Proximite du Village,Méthode de capture,Consensus genre,Consensus espèce,Consensus,Consensus famille,Date experiment,Res1NP-ZEBV,Res2NP-ZEBV,RecNP-ZEBV,Res1GP-ZEBVkiss,Res2GP-ZEBVkiss,RecGP-ZEBVkiss,RecGP-ZEBVmay,RecVP40-ZEBV,RecNP-SEBV,RecGP-SEBV,RecVP40-SEBV,RecGP-BEBV,RecVP40-BEBV,RecGP-REBV,RecGP-BOMV,Date experiment,RecNP-ZEBV,RecGP-ZEBVkiss,RecGP-ZEBVmay,RecVP40-ZEBV,RecNP-SEBV,RecGP-SEBV,RecVP40-SEBV,RecGP-BEBV,RecVP40-BEBV,RecGP-REBV,RecGP-BOMV,Date experiment,RecNP-ZEBV,RecGP-ZEBVkiss,RecGP-ZEBVmay,RecVP40-ZEBV,RecNP-SEBV,RecGP-SEBV,RecVP40-SEBV,RecGP-BEBV,RecVP40-BEBV,RecGP-REBV,RecGP-BOMV,article 2018,séquence_cytB,séquence_12S,Résultats  RT-qPCR (NIH-pan Filo),PCR NP Zaire,seq NP-Zaire,PCR NP sudan,seq NP-sudan,PCR VP35 Zaire,seq VP35 Zaire
CCCA03427,19/01/2019,1/19/2019,26-Jan-19,Janvier-Fevrier,Innocent,Cameroun,Yaounde,Mvog-Betsi,N,3.864,,E,11.48757,,,Male,,,,,MalAd,375,137,290,grands,0,97,Gris,Gris,,Autre,Ville,0,Filet,Hypsignathus,monstrosus,Hypsignathus monstrosus,,,0,0,0,0,0,6,29,3,2,14,3,4,1,3,3,,,,,,,,,,,,,,,,,,,,,,,,,,,,,,,,,,
CCCA03582,2/3/2019,3/2/2019,3-Mar-19,Fevrier-Mars,Innocent,Cameroun,Ya√†unde,Mvog-Betsi,N,3.86308,,E,11.48729,,,Male,,,,,MalAd,205,119,215,grands,0,85,Gris,Gris,,Autre,Ville,0,Filet,Hypsignathus,monstrosus,Hypsignathus monstrosus,,,0,0,6,0,0,4,6,7,2,6,16,9,5,64,0,,,,,,,,,,,,,,,,,,,,,,,,,,,,,,,,,,
CCCA03758,3/5/2019,5/3/2019,7-May-19,Mai,Innocent,Cameroun,Yaoundé,Mvog-Betsi,N,3.86399,,E,11.48763,,,Femelle,Adulte,0,0,0,FemAd,175,114,200,manquant,0,80,Gris,Gris,,,,,,Hypsignathus,monstruosus,Hypsignathus monstrosus,,,0,0,2,0,0,3,4,5,2,16,4,5,2,8,1,,,,,,,,,,,,,,,,,,,,,,,,,,,,,,,,,,
CCCA03759,3/5/2019,5/3/2019,7-May-19,Mai,Innocent,Cameroun,Yaoundé,Mvog-Betsi,N,3.86399,,E,11.48763,,,Femelle,Adulte,,0,0,FemAd,250,117,220,manquant,0,85,Gris,Gris,,,,,,Hypsignathus,monstruosus,Hypsignathus monstrosus,,,0,0,2,0,0,26,33,1,7,196,62,19,3,4,1,,,,,,,,,,,,,,,,,,,,,,,,,,,,,,,,,,
CCCA03761,3/5/2019,5/3/2019,7-May-19,Mai,Innocent,Cameroun,Yaoundé,Mvog-Betsi,N,3.86399,,E,11.48763,,,Femelle,Adulte immature,0,0,0,FemAdImmature,140,116,195,manquant,0,72,Gris,Gris,,,,,,Hypsignathus,monstruosus,Hypsignathus monstrosus,,,0,0,3,0,0,9,5,2,2,6,1,4,3,1,1,,,,,,,,,,,,,,,,,,,,,,,,,,,,,,,,,,
CCCA03771,3/5/2019,5/3/2019,7-May-19,Mai,Innocent,Cameroun,Yaoundé,Mvog-Betsi,N,3.86399,,E,11.48763,,,Femelle,Adulte immature,0,0,0,FemAdImmature,235,122,220,manquant,0,87,Gris,Gris,,,,,,Hypsignathus,monstruosus,Hypsignathus monstrosus,,,0,0,3,0,0,8,7,4,1,248,7,11,3,19,1,,,,,,,,,,,,,,,,,,,,,,,,,,,,,,,,,,
CCCA03790,3/5/2019,5/3/2019,7-May-19,Mai,Innocent,Cameroun,Yaoundé,Mvog-Betsi,N,3.86399,,E,11.48763,,,Femelle,Adulte,0,0,0,FemAd,300,121,240,manquant,0,86,Gris,Gris,,,,,,Hypsignathus,monstruosus,Hypsignathus monstrosus,,,0,0,3,1,0,285,267,4,1,1069,8,180,1,8,3,,,,,,,,,,,,,,,,,,,,,,,,,,,,,,,,,,
CCCA03792,3/5/2019,5/3/2019,7-May-19,Mai,Innocent,Cameroun,Yaoundé,Mvog-Betsi,N,3.86399,,E,11.48763,,,Femelle,Juvénile,0,0,0,FemJuv,145,112,190,manquant,0,77,Gris,Gris,,,,,,Hypsignathus,monstruosus,Hypsignathus monstrosus,,,0,0,4,0,0,19,29,3,3,16,7,97,3,530,1,,,,,,,,,,,,,,,,,,,,,,,,,,,,,,,,,,
CCCA03793,3/5/2019,5/3/2019,7-May-19,Mai,Innocent,Cameroun,Yaoundé,Mvog-Betsi,N,3.86399,,E,11.48763,,,Male,Juvénile,,,,MalJuv,170,114,215,manquant,0,80,Gris,Gris,,,,,,Hypsignathus,monstruosus,Hypsignathus monstrosus,,,0,0,5,0,0,0,5,3,2,5,4,5,4,0,4,,,,,,,,,,,,,,,,,,,,,,,,,,,,,,,,,,
CCCA03794,3/5/2019,5/3/2019,7-May-19,Mai,Innocent,Cameroun,Yaoundé,Mvog-Betsi,N,3.86399,,E,11.48763,,,Male,Juvénile,,,,MalJuv,140,110,190,manquant,0,75,Gris,Gris,,,,,,Hypsignathus,monstruosus,Hypsignathus monstrosus,,,0,0,2,0,0,0,0,3,4,0,4,2,2,1,2,,,,,,,,,,,,,,,,,,,,,,,,,,,,,,,,,,
CCCA03795,3/5/2019,5/3/2019,7-May-19,Mai,Innocent,Cameroun,Yaoundé,Mvog-Betsi,N,3.86399,,E,11.48763,,,Male,Juvénile,,,,MalJuv,160,110,195,manquant,0,77,Gris,Gris,,,,,,Hypsignathus,monstruosus,Hypsignathus monstrosus,,,0,0,4,0,0,1,2,3,2,5,18,3,3,1,1,,,,,,,,,,,,,,,,,,,,,,,,,,,,,,,,,,
CCCA03796,4/5/2019,5/4/2019,7-May-19,Mai,Innocent,Cameroun,Yaoundé,Mvog-Betsi,N,3.86399,,E,11.48763,,,Male,Juvénile,,,,MalJuv,160,107,195,manquant,0,75,Gris,Gris,,,,,,Hypsignathus,monstruosus,Hypsignathus monstrosus,,,0,0,4,0,0,11,9,3,2,28,4,7,1,1,0,,,,,,,,,,,,,,,,,,,,,,,,,,,,,,,,,,
CCCA03797,4/5/2019,5/4/2019,7-May-19,Mai,Innocent,Cameroun,Yaoundé,Mvog-Betsi,N,3.86399,,E,11.48763,,,Male,Juvénile,,,,MalJuv,145,108,195,manquant,0,77,Gris,Gris,,,,,,Hypsignathus,monstruosus,Hypsignathus monstrosus,,,0,0,0,0,0,1,1,1,0,4,4,1,1,0,5,,,,,,,,,,,,,,,,,,,,,,,,,,,,,,,,,,
CCCA03834,6/5/2019,5/6/2019,7-May-19,Mai,Innocent,Cameroun,Yaoundé,Mvog-Betsi,N,3.86399,,E,11.48763,,,Male,Juvénile,,,,MalJuv,140,99,175,manquant,0,80,Gris,Gris,,,,,,Hypsignathus,monstruosus,Hypsignathus monstrosus,,,0,0,4,0,0,0,2,3,1,1,7,1,3,1,1,,,,,,,,,,,,,,,,,,,,,,,,,,,,,,,,,,
CCCA03835,6/5/2019,5/6/2019,7-May-19,Mai,Innocent,Cameroun,Yaoundé,Mvog-Betsi,N,3.86399,,E,11.48763,,,Femelle,Adulte,0,0,0,FemAd,135,121,220,manquant,0,87,Gris,Gris,,,,,,Hypsignathus,monstruosus,Hypsignathus monstrosus,,,0,0,2,0,0,13,47,1,3,27,3,11,1,17,0,,,,,,,,,,,,,,,,,,,,,,,,,,,,,,,,,,
CCCA03843,6/5/2019,5/6/2109,7-May-19,Mai,Innocent,Cameroun,Yaoundé,Mvog-Betsi,N,3.86399,,E,11.48763,,,Femelle,Adulte,0,0,0,FemAd,245,122,230,manquant,0,86,Gris,Gris,,,,,,Hypsignathus,monstruosus,Hypsignathus monstrosus,,,0,0,2,0,0,17,9,1,1,38,2,6,5,5,1,,,,,,,,,,,,,,,,,,,,,,,,,,,,,,,,,,
CCCA03844,6/5/2019,5/6/2019,7-May-19,Mai,Innocent,Cameroun,Yaoundé,Mvog-Betsi,N,3.86399,,E,11.48763,,,Femelle,Juvénile,0,0,0,FemJuv,125,103,190,manquant,0,74,Gris,Gris,,,,,,Hypsignathus,monstruosus,Hypsignathus monstrosus,,,0,0,33,0,0,1,2,7,0,4,6,15,10,130,0,,,,,,,,,,,,,,,,,,,,,,,,,,,,,,,,,,
CCCA03845,6/5/2019,5/6/2019,7-May-19,Mai,Innocent,Cameroun,Yaoundé,Mvog-Betsi,N,3.86399,,E,11.48763,,,Femelle,Juvénile,0,0,0,FemJuv,135,105,190,manquant,0,72,Gris,Gris,,,,,,Hypsignathus,monstruosus,Hypsignathus monstrosus,,,0,0,5,0,0,0,2,6,1,2,16,1,7,1,1,,,,,,,,,,,,,,,,,,,,,,,,,,,,,,,,,,
CCCA03872,7/5/2019,5/7/2019,7-May-19,Mai,Innocent,Cameroun,Yaoundé,Mvog-Betsi,N,3.86399,,E,11.48763,,,Femelle,Adulte immature,0,0,0,FemAdImmature,155,108,200,manquant,0,76,Gris,Gris,,,,,,Hypsignathus,monstruosus,Hypsignathus monstrosus,,,0,0,1,0,0,0,1,2,1,1,7,1,5,0,0,,,,,,,,,,,,,,,,,,,,,,,,,,,,,,,,,,
CCCA03877,9/5/2019,5/9/2019,7-May-19,Mai,Innocent,Cameroun,Yaoundé,Mvog-Betsi,N,3.86399,,E,11.48763,,,Male,Juvénile,,,,MalJuv,200,107,200,manquant,0,75,Gris,Gris,,,,,,Hypsignathus,monstruosus,Hypsignathus monstrosus,,,0,0,2,0,0,18,8,8,1,17,7,8,6,83,1,,,,,,,,,,,,,,,,,,,,,,,,,,,,,,,,,,
CCCA03910,11/5/2019,5/11/2019,7-May-19,Mai,Innocent,Cameroun,Yaoundé,Mvog-Betsi,N,3.86399,,E,11.48763,,,Male,Adulte immature,,,,MalImm,175,111,200,manquant,0,77,Gris,Gris,,,,,,Hypsignathus,monstruosus,Hypsignathus monstrosus,,,0,0,1,0,0,8,4,3,1,6,280,2,37,10,5,,,,,,,,,,,,,,,,,,,,,,,,,,,,,,,,,,
CCCA03923,11/5/2019,5/11/2019,7-May-19,Mai,Innocent,Cameroun,Yaoundé,Mvog-Betsi,N,3.86399,,E,11.48763,,,Femelle,Juvénile,0,0,0,FemJuv,160,109,200,manquant,0,76,Gris,Gris,,,,,,Hypsignathus,monstruosus,Hypsignathus monstrosus,,,0,0,2,0,0,1,1,2,4,2,4,1,11,1,1,,,,,,,,,,,,,,,,,,,,,,,,,,,,,,,,,,
CCCA03927,11/5/2019,5/11/2019,7-May-19,Mai,Innocent,Cameroun,Yaoundé,Mvog-Betsi,N,3.86399,,E,11.48763,,,Male,Juvénile,,,,MalJuv,,108,185,,0,75,Gris,Gris,,,,,,Hypsignathus,monstruosus,Hypsignathus monstrosus,,,0,0,4,0,0,5,0,4,2,0,9,5,6,2,5,,,,,,,,,,,,,,,,,,,,,,,,,,,,,,,,,,
CCCA03933,12/6/2019,6/12/2019,16-Jun-19,Juin,Innocent,Cameroun,Yaoundé,Mvog-Betsi,N,3.864,,E,11.48757,,,Femelle,Juvénile,0,0,0,FemJuv,175,100,205,undefined,0,80,GRIS,GRIS,-,Ville,Zoo,0,Filet,Hypsignathus,monstruosus,Hypsignathus monstrosus,,,0,0,2,0,0,6,4,2,21,5,11,23,4,210,2,,,,,,,,,,,,,,,,,,,,,,,,,,,,,,,,,,
CCCA03964,12/6/2019,6/12/2019,16-Jun-19,Juin,Innocent,Cameroun,Yaoundé,Mvog-Betsi,N,3.864,,E,11.48757,,,Male,Juvénile,,,,MalJuv,190,104,205,undefined,0,78,Gris,Gris,-,Ville,Zoo,0,Filet,Hypsignathus,monstruosus,Hypsignathus monstrosus,,,0,0,3,0,0,1,1,5,4,4,36,2,9,1,2,,,,,,,,,,,,,,,,,,,,,,,,,,,,,,,,,,
CCCA03983,15/06/2019,6/15/2019,16-Jun-19,Juin,Innocent,Cameroun,Yaoundé,Mvog-Betsi,N,3.864,,E,11.48757,,,Femelle,Adulte,0,0,0,FemAd,309,122,235,undefined,0,88,Gris,Gris,-,Ville,Zoo,0,Filet,Hypsignathus,monstruosus,Hypsignathus monstrosus,,,0,0,2,0,0,11,107,5,3,69,11,13,8,7,2,,,,,,,,,,,,,,,,,,,,,,,,,,,,,,,,,,
CCCA03985,17/06/2019,6/17/2019,16-Jun-19,Juin,Innocent,Cameroun,Yaoundé,Mvog-Betsi,N,3.864,,E,11.48757,,,Male,Juvénile,,,,MalJuv,195,110,225,undefined,10,80,Jaune,Jaune,-,Ville,Zoo,0,Filet,Hypsignathus,monstruosus,Hypsignathus monstrosus,,,0,0,11,1,0,131,106,7,10,1553,21,301,10,1703,1,,,,,,,,,,,,,,,,,,,,,,,,,,,,,,,,,,
CCCA03992,17/06/2019,6/17/2019,16-Jun-19,Juin,Innocent,Cameroun,Yaoundé,Mvog-Betsi,N,3.864,,E,11.48757,,,Male,Juvénile,,,,MalJuv,190,110,215,GRAND,0,80,Gris,Gris,-,Ville,Zoo,0,Filet,Hypsignathus,monstruosus,Hypsignathus monstrosus,,,0,0,14,0,0,9,6,4,5,8,18,20,66,212,2,,,,,,,,,,,,,,,,,,,,,,,,,,,,,,,,,,
CCCA03993,17/06/2019,6/17/2019,16-Jun-19,Juin,Innocent,Cameroun,Yaoundé,Mvog-Betsi,N,3.864,,E,11.48757,,,Male,Juvénile,,,,MalJuv,190,114,210,undefined,0,82,Gris,Gris,-,Ville,Zoo,0,Filet,Hypsignathus,monstruosus,Hypsignathus monstrosus,,,0,0,17,0,0,2,5,9,17,4,14,2,19,1,2,,,,,,,,,,,,,,,,,,,,,,,,,,,,,,,,,,
CCCA03995,18/06/2019,6/18/2019,16-Jun-19,Juin,Innocent,Cameroun,Yaoundé,Mvog-Betsi,N,3.864,,E,11.48757,,,Male,Juvénile,,,,MalJuv,165,110,200,undefined,0,74,Gris,Gris,-,Ville,Zoo,0,Filet,Hypsignathus,monstruosus,Hypsignathus monstrosus,,,0,0,39,0,0,1,1,5,11,5,11,1,19,19,1,,,,,,,,,,,,,,,,,,,,,,,,,,,,,,,,,,
CCCA03999,18/06/2019,6/18/2019,16-Jun-19,Juin,Innocent,Cameroun,Yaoundé,Mvog-Betsi,N,3.864,,E,11.48757,,,Male,Juvénile,,,,MalJuv,465,133,300,undefined,0,75,Gris,Gris,-,Ville,Zoo,0,Filet,Hypsignathus,monstruosus,Hypsignathus monstrosus,,,0,0,4,0,0,5,6,4,3,22,10,9,4,1,0,,,,,,,,,,,,,,,,,,,,,,,,,,,,,,,,,,
CCCA04039,13/07/2019,7/13/2019,17-Jul-19,Juillet,Innocent,Cameroun,Yaoundé,Mvog-Betsi,N,3.864,,E,11.48757,,,Male,Adulte immature,,,,MalImm,255,118,240,undefined,0,83,Gris,Gris,-,Ville,ZOO,0,Filet,Hypsignathus,monstruosus,Hypsignathus monstrosus,,,0,0,5,0,0,28,276,4,2,30,18,60,908,1084,0,,,,,,,,,,,,,,,,,,,,,,,,,,,,,,,,,,
CCCA04051,13/07/2019,7/13/2019,17-Jul-19,Juillet,Innocent,Cameroun,Yaoundé,Mvog-Betsi,N,3.864,,E,11.48757,,,Femelle,,0,0,0,FemAd,280,123,240,undefined,0,90,Gris,Gris,-,Ville,ZOO,0,Filet,Hypsignathus,monstruosus,Hypsignathus monstrosus,,,0,0,3,1,0,582,540,17,3,1978,30,341,18,3,1,,,,,,,,,,,,,,,,,,,,,,,,,,,,,,,,,,
CCCA04135,18/07/2019,7/18/2019,17-Jul-19,Juillet,Innocent,Cameroun,Yaoundé,Mvog-Betsi,N,3.864,,E,11.48757,,,Femelle,Juvénile,0,0,0,FemJuv,195,109,205,undefined,0,75,Gris,Gris,-,Ville,ZOO,0,Filet,Hypsignathus,monstruosus,Hypsignathus monstrosus,,,0,0,1,0,0,5,0,4,5,2,7,3,39,8,0,,,,,,,,,,,,,,,,,,,,,,,,,,,,,,,,,,
CCCA04141,18/07/2019,7/18/2019,17-Jul-19,Juillet,Innocent,Cameroun,Yaoundé,Mvog-Betsi,N,3.864,,E,11.48757,,,Male,Adulte immature,,,,MalImm,215,119,235,undefined,0,85,Gris,Gris,-,Ville,ZOO,0,Filet,Hypsignathus,monstruosus,Hypsignathus monstrosus,,,0,0,0,0,0,5,0,3,1,5,6,1,3,1,5,,,,,,,,,,,,,,,,,,,,,,,,,,,,,,,,,,
CCCA04180,14/09/2019,9/14/2019,17-Sep-19,Septembre,Innocent,Cameroun,Yaoundé,Mvog-Betsi,N,3.864,,E,11.48757,,,Femelle,Adulte immature,0,1,0,FemAdImmature,140,105,185,grands,0,72,Gris,Gris,-,Ville,Zoo,0,Filet,Hypsignathus,monstruosus,Hypsignathus monstrosus,,,0,0,2,0,0,5,6,4,1,17,3,5,4,1,1,,,,,,,,,,,,,,,,,,,,,,,,,,,,,,,,,,
CCCA04182,14/09/2019,9/14/2019,17-Sep-19,Septembre,Innocent,Cameroun,Yaoundé,Mvog-Betsi,N,3.864,,E,11.48757,,,Femelle,Adulte,0,0,0,FemAd,260,121,255,grands,0,85,Gris,Gris,-,Ville,Zoo,0,Filet,Hypsignathus,monstruosus,Hypsignathus monstrosus,,,0,0,3,1,0,313,263,4,72,1148,15,185,3,4,1,,,,,,,,,,,,,,,,,,,,,,,,,,,,,,,,,,
CCCA04184,14/09/2019,9/14/2019,17-Sep-19,Septembre,Innocent,Cameroun,Yaoundé,Mvog-Betsi,N,3.864,,E,11.48757,,,Male,Juvénile,,,,MalJuv,135,105,245,grands,0,73,Gris,Gris,-,Ville,Zoo,0,Filet,Hypsignathus,monstruosus,Hypsignathus monstrosus,,,0,0,19,1,0,429,377,17,6,1829,55,218,12,3,2,,,,,,,,,,,,,,,,,,,,,,,,,,,,,,,,,,
CCCA04186,14/09/2019,9/14/2019,17-Sep-19,Septembre,Innocent,Cameroun,Yaoundé,Mvog-Betsi,N,3.864,,E,11.48757,,,Male,Adulte immature,,,,MalImm,125,102,205,grands,0,70,Gris,Gris,-,Ville,Zoo,0,Filet,Hypsignathus,monstruosus,Hypsignathus monstrosus,,,0,0,2,0,0,17,18,1,5,77,3,13,2,0,0,,,,,,,,,,,,,,,,,,,,,,,,,,,,,,,,,,
CCCA04195,16/09/2019,9/16/2019,17-Sep-19,Septembre,Innocent,Cameroun,Yaoundé,Mvog-Betsi,N,3.864,,E,11.48757,,,Male,Adulte,,,,MalAd,390,134,280,grands,0,96,Gris,Gris,-,Ville,Zoo,0,Filet,Hypsignathus,monstruosus,Hypsignathus monstrosus,,,0,0,0,0,0,13,89,4,1,116,1,25,0,12,5,,,,,,,,,,,,,,,,,,,,,,,,,,,,,,,,,,
CCCA04199,16/09/2019,9/16/2019,17-Sep-19,Septembre,Innocent,Cameroun,Yaoundé,Mvog-Betsi,N,3.864,,E,11.48757,,,Male,Juvénile,,,,MalJuv,145,107,195,grands,0,74,Gris,Gris,-,Ville,Zoo,0,Filet,Hypsignathus,monstruosus,Hypsignathus monstrosus,,,0,0,3,0,0,15,9,3,2,61,10,10,3,14,1,,,,,,,,,,,,,,,,,,,,,,,,,,,,,,,,,,
CCCA04200,16/09/2019,9/16/2019,17-Sep-19,Septembre,Innocent,Cameroun,Yaoundé,Mvog-Betsi,N,3.864,,E,11.48757,,,Femelle,Adulte,0,0,0,FemAd,265,124,0,grands,0,90,Gris,Gris,-,Ville,Zoo,0,Filet,Hypsignathus,monstruosus,Hypsignathus monstrosus,,,0,0,8,0,0,23,11,38,5,23,56,12,36,44,0,,,,,,,,,,,,,,,,,,,,,,,,,,,,,,,,,,
CCCA04216,17/09/2019,9/17/2019,17-Sep-19,Septembre,Innocent,Cameroun,Yaoundé,Mvog-Betsi,N,3.864,,E,11.48757,,,Male,Juvénile,,,,MalJuv,115,101,185,grands,0,70,Gris,Gris,-,Ville,Zoo,0,Filet,Hypsignathus,monstruosus,Hypsignathus monstrosus,,,0,0,2,0,0,0,0,3,1,1,6,5,6,1,5,,,,,,,,,,,,,,,,,,,,,,,,,,,,,,,,,,
CCCA04217,17/09/2019,9/17/2019,17-Sep-19,Septembre,Innocent,Cameroun,Yaoundé,Mvog-Betsi,N,3.864,,E,11.48757,,,Male,Juvénile,,,,MalJuv,125,101,183,grands,0,79,Gris,Gris,-,Ville,Zoo,0,Filet,Hypsignathus,monstruosus,Hypsignathus monstrosus,,,0,0,5,0,0,98,83,6,5,259,12,68,7,9,2,,,,,,,,,,,,,,,,,,,,,,,,,,,,,,,,,,
CCCA04221,17/09/2019,9/17/2019,17-Sep-19,Septembre,Innocent,Cameroun,Yaoundé,Mvog-Betsi,N,3.864,,E,11.48757,,,Male,Juvénile,,,,MalJuv,105,96,175,grands,0,65,Gris,Gris,-,Ville,Zoo,0,Filet,Hypsignathus,monstruosus,Hypsignathus monstrosus,,,0,0,8,0,0,56,47,8,2,209,29,37,13,3,2,,,,,,,,,,,,,,,,,,,,,,,,,,,,,,,,,,
CCCA04222,17/09/2019,9/17/2019,17-Sep-19,Septembre,Innocent,Cameroun,Yaoundé,Mvog-Betsi,N,3.864,,E,11.48757,,,Male,Juvénile,,,,MalJuv,120,100,183,grands,0,70,Gris,Gris,-,Ville,Zoo,0,Filet,Hypsignathus,monstruosus,Hypsignathus monstrosus,,,0,0,6,0,0,10,4,6,2,5,20,2,7,2,3,,,,,,,,,,,,,,,,,,,,,,,,,,,,,,,,,,
CCCA04225,20/09/2019,9/20/2019,17-Sep-19,Septembre,Innocent,Cameroun,Yaoundé,Mvog-Betsi,N,3.864,,E,11.48757,,,Femelle,Adulte immature,0,0,0,FemAdImmature,225,117,225,grands,0,85,Gris,Gris,-,Ville,Zoo,0,Filet,Hypsignathus,monstruosus,Hypsignathus monstrosus,,,0,0,3,1,0,277,1614,8,2,2357,11,606,8,683,2,,,,,,,,,,,,,,,,,,,,,,,,,,,,,,,,,,
CCCA04226,20/09/2019,9/20/2019,17-Sep-19,Septembre,Innocent,Cameroun,Yaoundé,Mvog-Betsi,N,3.864,,E,11.48757,,,Femelle,Adulte,0,0,0,FemAd,228,123,235,grands,0,85,Gris,Gris,-,Ville,Zoo,0,Filet,Hypsignathus,monstruosus,Hypsignathus monstrosus,,,0,0,2,0,0,11,95,4,5,19,11,24,8,227,0,,,,,,,,,,,,,,,,,,,,,,,,,,,,,,,,,,
CCCA04227,20/09/2019,9/20/2019,17-Sep-19,Septembre,Innocent,Cameroun,Yaoundé,Mvog-Betsi,N,3.864,,E,11.48757,,,Male,Adulte immature,,,,MalImm,265,126,235,grands,0,90,Gris,Gris,-,Ville,Zoo,0,Filet,Hypsignathus,monstruosus,Hypsignathus monstrosus,,,0,0,14,0,0,104,106,6,6,910,24,68,17,55,4,,,,,,,,,,,,,,,,,,,,,,,,,,,,,,,,,,
CCCA04228,20/09/2019,9/20/2019,17-Sep-19,Septembre,Innocent,Cameroun,Yaoundé,Mvog-Betsi,N,3.864,,E,11.48757,,,Male,Juvénile,,,,MalJuv,115,99,185,grands,0,65,Gris,Gris,-,Ville,Zoo,0,Filet,Hypsignathus,monstruosus,Hypsignathus monstrosus,,,0,0,1,0,0,0,5,3,1,10,9,1,4,0,5,,,,,,,,,,,,,,,,,,,,,,,,,,,,,,,,,,
CCCA04233,20/09/2019,9/20/2019,17-Sep-19,Septembre,Innocent,Cameroun,Yaoundé,Mvog-Betsi,N,3.864,,E,11.48757,,,Male,Juvénile,,,,MalJuv,110,101,175,grands,0,70,Gris,Gris,-,Ville,Zoo,0,Filet,Hypsignathus,monstruosus,Hypsignathus monstrosus,,,0,0,8,0,0,36,30,12,1,153,16,26,11,5,5,,,,,,,,,,,,,,,,,,,,,,,,,,,,,,,,,,
CCCA04292,9/10/2019,10/9/2019,15-Oct-19,Octobre,Innocent,Cameroun,Yaoundé,Mvog-Betsi,N,3.864,,E,11.48757,,,Male,Juvénile,,,,MalJuv,165,108,208,grands,0,75,Gris,Gris,-,Ville,Zoo,0,Filet,Hypsignathus,monstrosus,Hypsignathus monstrosus,,,0,0,7,0,0,81,71,12,14,227,16,54,10,2,2,,,,,,,,,,,,,,,,,,,,,,,,,,,,,,,,,,
CCCA04293,9/10/2019,10/9/2019,15-Oct-19,Octobre,Innocent,Cameroun,Yaoundé,Mvog-Betsi,N,3.864,,E,11.48757,,,Male,Adulte,,,,MalAd,425,135,295,grands,0,95,Gris,Gris,-,Ville,Zoo,0,Filet,Hypsignathus,monstrosus,Hypsignathus monstrosus,,,0,0,5,0,0,27,19,6,75,111,13,18,6,3,1,,,,,,,,,,,,,,,,,,,,,,,,,,,,,,,,,,
CCCA04294,9/10/2019,10/9/2019,15-Oct-19,Octobre,Innocent,Cameroun,Yaoundé,Mvog-Betsi,N,3.864,,E,11.48757,,,Femelle,Adulte,,0,0,FemAd,265,123,250,grands,0,90,Gris,Gris,-,Ville,Zoo,0,Filet,Hypsignathus,monstrosus,Hypsignathus monstrosus,,,0,0,9,1,0,282,507,5,2,1083,24,385,12,146,3,,,,,,,,,,,,,,,,,,,,,,,,,,,,,,,,,,
CCCA04296,9/10/2019,10/9/2019,15-Oct-19,Octobre,Innocent,Cameroun,Yaoundé,Mvog-Betsi,N,3.864,,E,11.48757,,,Male,Adulte immature,,,,MalImm,195,112,225,grands,0,75,Gris,Gris,-,Ville,Zoo,0,Filet,Hypsignathus,monstrosus,Hypsignathus monstrosus,,,0,0,9,0,0,5,1,9,3,7,30,5,18,2,4,,,,,,,,,,,,,,,,,,,,,,,,,,,,,,,,,,
CCCA04301,9/10/2019,10/9/2019,15-Oct-19,Octobre,Innocent,Cameroun,Yaoundé,Mvog-Betsi,N,3.864,,E,11.48757,,,Femelle,Juvénile,0,0,0,FemJuv,135,116,185,grands,0,70,Gris,Gris,-,Ville,Zoo,0,Filet,Hypsignathus,monstruosus,Hypsignathus monstrosus,,,0,0,2,0,0,3,1,3,2,5,8,2,5,27,2,,,,,,,,,,,,,,,,,,,,,,,,,,,,,,,,,,
CCCA04302,9/10/2019,10/9/2019,15-Oct-19,Octobre,Innocent,Cameroun,Yaoundé,Mvog-Betsi,N,3.864,,E,11.48757,,,Femelle,Juvénile,0,0,0,FemJuv,115,99,185,grands,0,70,Gris,Gris,-,Ville,Zoo,0,Filet,Hypsignathus,monstrosus,Hypsignathus monstrosus,,,0,0,6,0,0,7,31,3,2,18,11,17,8,19,1,,,,,,,,,,,,,,,,,,,,,,,,,,,,,,,,,,
CCCA04304,9/10/2019,10/9/2019,15-Oct-19,Octobre,Innocent,Cameroun,Yaoundé,Mvog-Betsi,N,3.864,,E,11.48757,,,Femelle,Juvénile,0,0,0,FemJuv,135,115,190,grands,0,73,Gris,Gris,-,Ville,Zoo,0,Filet,Hypsignathus,monstrosus,Hypsignathus monstrosus,,,0,0,5,0,0,3,8,4,3,10,12,2,8,2,5,,,,,,,,,,,,,,,,,,,,,,,,,,,,,,,,,,
CCCA04310,10/10/2019,10/10/2019,15-Oct-19,Octobre,Innocent,Cameroun,Yaoundé,Mvog-Betsi,N,3.864,,E,11.48757,,,Male,Adulte immature,,,,MalImm,170,108,200,grands,0,74,Gris,Gris,-,Ville,Zoo,0,Filet,Hypsignathus,monstrosus,Hypsignathus monstrosus,,,0,0,7,0,0,16,13,3,1,57,10,10,5,6,1,,,,,,,,,,,,,,,,,,,,,,,,,,,,,,,,,,
CCCA04312,10/10/2019,10/10/2019,15-Oct-19,Octobre,Innocent,Cameroun,Yaoundé,Mvog-Betsi,N,3.864,,E,11.48757,,,Male,Juvénile,,,,MalJuv,105,95,170,grands,0,67,Gris,Gris,-,Ville,Zoo,0,Filet,Hypsignathus,monstrosus,Hypsignathus monstrosus,,,0,0,17,1,0,290,247,11,2,984,24,176,15,6,1,,,,,,,,,,,,,,,,,,,,,,,,,,,,,,,,,,
CCCA04324,11/10/2019,10/11/2019,15-Oct-19,Octobre,Innocent,Cameroun,Yaoundé,Mvog-Betsi,N,3.864,,E,11.48757,,,Femelle,Juvénile,0,0,0,FemJuv,120,100,175,grands,0,66,Gris,Gris,-,Ville,Zoo,0,Filet,Hypsignathus,monstrosus,Hypsignathus monstrosus,,,0,0,1,0,0,1,0,1,1,3,17,1,0,0,5,,,,,,,,,,,,,,,,,,,,,,,,,,,,,,,,,,
CCCA04337,11/10/2019,10/11/2019,15-Oct-19,Octobre,Innocent,Cameroun,Yaoundé,Mvog-Betsi,N,3.864,,E,11.48757,,,Male,Adulte immature,,,,MalImm,145,107,195,grands,0,75,Jaune,Jaune,-,Ville,Zoo,0,Filet,Hypsignathus,monstruosus,Hypsignathus monstrosus,,,0,0,1,0,0,2,5,4,2,5,8,5,3,7,1,,,,,,,,,,,,,,,,,,,,,,,,,,,,,,,,,,
CCCA04341,14/10/2019,10/14/2019,15-Oct-19,Octobre,Innocent,Cameroun,Yaoundé,Mvog-Betsi,N,3.864,,E,11.48757,,,Male,Juvénile,,,,MalJuv,165,111,190,grands,0,75,Gris,Gris,-,Ville,Autre,0,Filet,Hypsignathus,monstrosus,Hypsignathus monstrosus,,,0,0,4,0,0,2,1,0,1,0,4,1,1,0,1,,,,,,,,,,,,,,,,,,,,,,,,,,,,,,,,,,
CCCA04344,14/10/2019,10/14/2019,15-Oct-19,Octobre,Innocent,Cameroun,Yaoundé,Mvog-Betsi,N,3.864,,E,11.48757,,,Male,Juvénile,,,,MalJuv,135,102,185,grands,0,70,Gris,Gris,-,Ville,Zoo,0,Filet,Hypsignathus,monstrosus,Hypsignathus monstrosus,,,0,0,1,0,0,5,4,2,0,17,3,3,5,1,5,,,,,,,,,,,,,,,,,,,,,,,,,,,,,,,,,,
CCCA04363,29/10/2019,10/29/2019,15-Oct-19,Octobre,Innocent,Cameroun,Yaoundé,Mvog-Betsi,N,3.864,,E,11.48757,,,Male,Adulte,,,,MalAd,310,129,255,grands,0,95,Gris,Gris,-,Ville,Zoo,0,Filet,Hypsignathus,monstrosus,Hypsignathus monstrosus,,,0,0,2,0,0,26,9,7,0,17,2,5,1,0,5,,,,,,,,,,,,,,,,,,,,,,,,,,,,,,,,,,
CCCA04364,30/10/2019,10/30/2019,15-Oct-19,Octobre,Innocent,Cameroun,Yaoundé,Mvog-Betsi,N,3.864,,E,11.48757,,,Femelle,Adulte,0,0,0,FemAd,295,122,235,grands,0,90,Gris,Gris,-,Ville,Zoo,0,Filet,Hypsignathus,monstrosus,Hypsignathus monstrosus,,,0,0,2,0,0,13,94,5,25,39,6,11,4,8,5,,,,,,,,,,,,,,,,,,,,,,,,,,,,,,,,,,
CCCA04440,22/11/2019,11/22/2019,15-Nov-19,Novembre,Innocent,Cameroun,Yaoundé,Mvog-Betsi,N,3.864,,E,11.48757,,,Femelle,Juvénile,0,0,0,FemJuv,110,105,185,grands,0,67,Jaune,Jaune,-,Ville,Zoo,0,Filet,Hypsignathus,monstrosus,Hypsignathus monstrosus,,,0,0,3,0,0,0,1,2,0,1,13,1,1,2,5,,,,,,,,,,,,,,,,,,,,,,,,,,,,,,,,,,
CCCA04445,22/11/2019,11/22/2019,15-Nov-19,Novembre,Innocent,Cameroun,Yaoundé,Mvog-Betsi,N,3.864,,E,11.48757,,,Male,Adulte,,,,MalAd,275,136,260,grands,0,90,Gris,Gris,-,Ville,Zoo,0,Filet,Hypsignathus,monstrosus,Hypsignathus monstrosus,,,0,0,6,0,0,49,106,6,1,358,13,41,8,7,0,,,,,,,,,,,,,,,,,,,,,,,,,,,,,,,,,,
CCCA04460,23/11/2019,11/23/2019,15-Nov-19,Novembre,Innocent,Cameroun,Yaoundé,Mvog-Betsi,N,3.864,,E,11.48757,,,Femelle,Adulte,0,0,0,FemAd,180,128,235,grands,0,87,Gris,Gris,-,Ville,Zoo,0,Filet,Hypsignathus,monstrosus,Hypsignathus monstrosus,,,0,0,9,1,1,884,1586,7,6,2552,22,991,20,269,1,,,,,,,,,,,,,,,,,,,,,,,,,,,,,,,,,,
CCCA04467,25/11/2019,11/25/2019,15-Nov-19,Novembre,Innocent,Cameroun,Yaoundé,Mvog-Betsi,N,3.864,,E,11.48757,,,Femelle,Juvénile,0,0,0,FemJuv,130,105,195,grands,0,75,Gris,Gris,-,Ville,Zoo,0,Filet,Hypsignathus,monstrosus,Hypsignathus monstrosus,,,0,0,6,0,0,30,83,10,8,61,11,8,6,5,1,,,,,,,,,,,,,,,,,,,,,,,,,,,,,,,,,,
CCCA04471,26/11/2019,11/26/2019,15-Nov-19,Novembre,Innocent,Cameroun,Yaoundé,Mvog-Betsi,N,3.864,,E,11.48757,,,Femelle,Juvénile,0,0,0,FemJuv,145,107,185,grands,0,75,Jaune,Jaune,-,Ville,Zoo,0,Filet,Hypsignathus,monstrosus,Hypsignathus monstrosus,,,0,0,22,0,0,0,1,10,30,1,36,1,75,21,0,,,,,,,,,,,,,,,,,,,,,,,,,,,,,,,,,,
CCCA04472,26/11/2019,11/26/2019,15-Nov-19,Novembre,Innocent,Cameroun,Yaoundé,Mvog-Betsi,N,3.864,,E,11.48757,,,Male,Juvénile,,,,MalJuv,150,107,195,grands,0,70,Jaune,Jaune,-,Ville,Zoo,0,Filet,Hypsignathus,monstrosus,Hypsignathus monstrosus,,,0,0,3,0,0,5,2,23,1,4,17,2,108,11,5,,,,,,,,,,,,,,,,,,,,,,,,,,,,,,,,,,
CCCA04474,26/11/2019,11/26/2019,15-Nov-19,Novembre,Innocent,Cameroun,Yaoundé,Mvog-Betsi,N,3.864,,E,11.48757,,,Male,Adulte immature,,,,MalImm,280,127,260,grands,0,90,Jaune,0,-,Ville,Zoo,0,Filet,Hypsignathus,monstrosus,Hypsignathus monstrosus,,,0,0,1,0,0,73,84,2,0,215,1.5,55,2,166,5,,,,,,,,,,,,,,,,,,,,,,,,,,,,,,,,,,
CCCA04476,27/11/2019,11/27/2019,15-Nov-19,Novembre,Innocent,Cameroun,Yaoundé,Mvog-Betsi,N,3.864,,E,11.48757,,,Male,Adulte immature,,,,MalImm,225,117,250,grands,0,87,Gris,Gris,-,Ville,Zoo,0,Filet,Hypsignathus,monstrosus,Hypsignathus monstrosus,,,0,0,4,0,0,21,140,5,2,170,13,47,13,26.5,5.5,,,,,,,,,,,,,,,,,,,,,,,,,,,,,,,,,,
CCCA04478,27/11/2019,11/27/2019,15-Nov-19,Novembre,Innocent,Cameroun,Yaoundé,Mvog-Betsi,N,3.864,,E,11.48757,,,Femelle,Adulte,0,0,0,FemAd,280,121,240,grands,0,80,Gris,Gris,-,Ville,Zoo,0,Filet,Hypsignathus,monstrosus,Hypsignathus monstrosus,,,0,0,3,0,0,1,1,1.5,0,3,14,0,4.5,1.5,5,,,,,,,,,,,,,,,,,,,,,,,,,,,,,,,,,,
CCCA04479,27/11/2019,11/27/2019,15-Nov-19,Novembre,Innocent,Cameroun,Yaoundé,Mvog-Betsi,N,3.864,,E,11.48757,,,Male,Adulte immature,,,,MalImm,295,128,265,grands,0,93,Gris,Gris,-,Ville,Zoo,0,Filet,Hypsignathus,monstrosus,Hypsignathus monstrosus,,,0,0,6,0,0,9,56,2,2,51,11,9,6.5,54.5,5.5,,,,,,,,,,,,,,,,,,,,,,,,,,,,,,,,,,
CCCA04480,27/11/2019,11/27/2019,15-Nov-19,Novembre,Innocent,Cameroun,Yaoundé,Mvog-Betsi,N,3.864,,E,11.48757,,,Femelle,Adulte immature,0,0,0,FemAdImmature,250,118,239,grands,0,84,Gris,Gris,-,Ville,Zoo,0,Filet,Hypsignathus,monstrosus,Hypsignathus monstrosus,,,0,0,3,0,0,7,7,1,1,39,4,4,2,0.5,5.5,,,,,,,,,,,,,,,,,,,,,,,,,,,,,,,,,,
CCCA04481,27/11/2019,11/27/2019,15-Nov-19,Novembre,Innocent,Cameroun,Yaoundé,Mvog-Betsi,N,3.864,,E,11.48757,,,Femelle,Adulte immature,0,0,0,FemAdImmature,220,118,220,grands,0,79,Gris,Gris,-,Ville,Zoo,0,Filet,Hypsignathus,monstrosus,Hypsignathus monstrosus,,,0,0,1,0,0,1,0,5.5,0,5,5,5,1,5.5,5,,,,,,,,,,,,,,,,,,,,,,,,,,,,,,,,,,
CCCA04482,27/11/2019,11/27/2019,15-Nov-19,Novembre,Innocent,Cameroun,Yaoundé,Mvog-Betsi,N,3.864,,E,11.48757,,,Male,Adulte immature,,,,MalImm,300,124,265,grands,0,88,Gris,Gris,-,Ville,Zoo,0,Filet,Hypsignathus,monstrosus,Hypsignathus monstrosus,,,0,0,3,1,0,374,302,0,2,1952.5,5,190,2,4.5,5,,,,,,,,,,,,,,,,,,,,,,,,,,,,,,,,,,
CCCA04484,27/11/2019,11/27/2019,15-Nov-19,Novembre,Innocent,Cameroun,Yaoundé,Mvog-Betsi,N,3.864,,E,11.48757,,,Male,Adulte immature,,,,MalImm,390,136,295,grands,0,97,Jaune,Jaune,-,Ville,Zoo,0,Filet,Hypsignathus,monstrosus,Hypsignathus monstrosus,,,0,0,2,0,0,13,109.5,1,1,59.5,2,19,6,31.5,5,,,,,,,,,,,,,,,,,,,,,,,,,,,,,,,,,,
CCCA03338,4/12/2018,12/4/2018,7-Dec-18,Decembre ,Innocent,Cameroun,Yaounde,Mvog-Betsi,N,3.86402,,E,11.48759,,,Femelle,Adulte,,0,0,FemAd,240,120,240,grands,0,88,Gris,Gris,,Autre,Ville,0,Filet,Hypsignathus,monstrosus,Hypsignathus monstrosus,,,0,0,3,1,0,368,1481,4,1,837,4,587,3,258,2,,,,,,,,,,,,,,,,,,,,,,,,,,,,,,,,,,
CCCA03340,4/12/2018,12/4/2018,7-Dec-18,Decembre ,Innocent,Cameroun,Yaounde,Mvog-Betsi,N,3.86402,,E,11.48759,,,Femelle,Adulte,0,0,0,FemAd,210,120,225,grands,0,1,Gris,Gris,,Autre,Ville,0,Filet,Hypsignathus,monstrosus,Hypsignathus monstrosus,,,0,0,5,1,0,435,418,6,5,1556,12,251,7,22,4,,,,,,,,,,,,,,,,,,,,,,,,,,,,,,,,,,
CCCA03342,4/12/2018,12/4/2018,7-Dec-18,Decembre ,Innocent,Cameroun,Yaounde,Mvog-Betsi,N,3.86402,,E,11.48759,,,Femelle,Adulte,1,0,0,FemAdGest,290,120,250,grands,0,88,Gris,Gris,,Autre,Ville,0,Filet,Hypsignathus,monstrosus,Hypsignathus monstrosus,,,0,0,1,0,0,3,2,24,1,5,6,2,24,0,2,,,,,,,,,,,,,,,,,,,,,,,,,,,,,,,,,,
CCCA03343,4/12/2018,12/4/2018,7-Dec-18,Decembre ,Innocent,Cameroun,Yaounde,Mvog-Betsi,N,3.86402,,E,11.48759,,,Femelle,Adulte,1,0,0,FemAdGest,275,122,225,grands,0,88,Gris,Gris,,Autre,Ville,0,Filet,Hypsignathus,monstrosus,Hypsignathus monstrosus,,,0,0,2,1,0,170,136,167,7,299,1,86,109,13,1,,,,,,,,,,,,,,,,,,,,,,,,,,,,,,,,,,
CCCA03344,4/12/2018,12/4/2018,7-Dec-18,Decembre ,Innocent,Cameroun,Yaounde,Mvog-Betsi,N,3.86402,,E,11.48759,,,Femelle,Adulte,1,0,0,FemAdGest,295,121,225,grands,0,88,Gris,Gris,,Autre,Ville,0,Filet,Hypsignathus,monstrosus,Hypsignathus monstrosus,,,0,0,1,0,0,16,75,2,1,127,3,14,1,8,2,,,,,,,,,,,,,,,,,,,,,,,,,,,,,,,,,,
CCCA03345,4/12/2018,12/4/2018,7-Dec-18,Decembre ,Innocent,Cameroun,Yaounde,Mvog-Betsi,N,3.86402,,E,11.48759,,,Male,Adulte,,,,MalAd,300,133,255,grands,0,95,Gris,Gris,,Autre,Ville,0,Filet,Hypsignathus,monstrosus,Hypsignathus monstrosus,,,0,0,1,0,0,5,12,2,1,6,2,1,3,10,2,,,,,,,,,,,,,,,,,,,,,,,,,,,,,,,,,,
CCCA03346,4/12/2018,12/4/2018,7-Dec-18,Decembre ,Innocent,Cameroun,Yaounde,Mvog-Betsi,N,3.86402,,E,11.48759,,,Male,Adulte,,,,MalAd,195,117,200,grands,0,81,Gris,Gris,,Autre,Ville,0,Filet,Hypsignathus,monstrosus,Hypsignathus monstrosus,,,0,0,2,0,0,11,66,3,27,29,6,4,100,52,2,,,,,,,,,,,,,,,,,,,,,,,,,,,,,,,,,,
CCCA03347,4/12/2018,12/4/2018,7-Dec-18,Decembre ,Innocent,Cameroun,Yaounde,Mvog-Betsi,N,3.86402,,E,11.48759,,,Male,Adulte,,,,MalAd,140,103,190,grands,0,70,Gris,Gris,,Autre,Ville,0,Filet,Hypsignathus,monstrosus,Hypsignathus monstrosus,,,0,0,1,0,0,5,11,4,4,12,12,3,4,7,2,,,,,,,,,,,,,,,,,,,,,,,,,,,,,,,,,,
CCCA03349,5/12/2018,12/5/2018,7-Dec-18,Decembre ,Innocent,Cameroun,Yaounde,Mvog-Betsi,N,3.86402,,E,11.48759,,,Femelle,Juvénile,0,0,0,FemJuv,160,101,200,grands,0,75,Gris,Gris,,Autre,Ville,0,Filet,Hypsignathus,monstrosus,Hypsignathus monstrosus,,,0,0,4,0,0,13,147,4,1,201,9,28,39,9,2,,,,,,,,,,,,,,,,,,,,,,,,,,,,,,,,,,
CCCA03350,5/12/2018,12/5/2018,7-Dec-18,Decembre ,Innocent,Cameroun,Yaounde,Mvog-Betsi,N,3.86402,,E,11.48759,,,Male,Adulte,,,,MalAd,275,115,215,grands,0,78,Gris,Gris,,Autre,Ville,0,Filet,Hypsignathus,monstrosus,Hypsignathus monstrosus,,,0,0,0,0,0,2,1,2,1,0,5,5,5,5,2,,,,,,,,,,,,,,,,,,,,,,,,,,,,,,,,,,
CCCA03351,5/12/2018,12/5/2018,7-Dec-18,Decembre ,Innocent,Cameroun,Yaounde,Mvog-Betsi,N,3.86402,,E,11.48759,,,Male,Adulte,,,,MalAd,320,132,,grands,0,98,Gris,Gris,,Autre,Ville,0,Filet,Hypsignathus,monstrosus,Hypsignathus monstrosus,,,0,0,2,1,0,180,252,3,3,670,13,105,4,90,3,,,,,,,,,,,,,,,,,,,,,,,,,,,,,,,,,,
CCCA03352,5/12/2018,12/5/2018,7-Dec-18,Decembre ,Innocent,Cameroun,Yaounde,Mvog-Betsi,N,3.86402,,E,11.48759,,,Femelle,Juvénile,0,0,0,FemJuv,135,117,185,grands,0,72,Gris,Gris,,Autre,Ville,0,Filet,Hypsignathus,monstrosus,Hypsignathus monstrosus,,,0,0,8,1,1,1026,1883,4,83,3356,7,707,9,345,4,,,,,,,,,,,,,,,,,,,,,,,,,,,,,,,,,,
CCCA03353,5/12/2018,12/5/2018,7-Dec-18,Decembre ,Innocent,Cameroun,Yaounde,Mvog-Betsi,N,3.86402,,E,11.48759,,,Femelle,Juvénile,0,0,0,FemJuv,175,108,210,grands,0,77,Gris,Gris,,Autre,Ville,0,Filet,Hypsignathus,monstrosus,Hypsignathus monstrosus,,,0,0,14,0,0,20,34,3,5,30,6,8,6,21,0,,,,,,,,,,,,,,,,,,,,,,,,,,,,,,,,,,
CCCA03354,5/12/2018,12/5/2018,7-Dec-18,Decembre ,Innocent,Cameroun,Yaounde,Mvog-Betsi,N,3.86402,,E,11.48759,,,Male,Adulte,,,,MalAd,300,128,240,grands,0,95,Gris,Gris,,Autre,Ville,0,Filet,Hypsignathus,monstrosus,Hypsignathus monstrosus,,,0,0,0,0,0,15,21,1,0,19,2,4,2,12,4,,,,,,,,,,,,,,,,,,,,,,,,,,,,,,,,,,
CCCA03355,5/12/2018,12/5/2018,7-Dec-18,Decembre ,Innocent,Cameroun,Yaounde,Mvog-Betsi,N,3.86402,,E,11.48759,,,Male,Adulte,,,,MalAd,440,139,320,grands,0,97,Gris,Gris,,Autre,Ville,0,Filet,Hypsignathus,monstrosus,Hypsignathus monstrosus,,,0,0,2,0,0,8,7,4,9,84,3,9,5,5,3,,,,,,,,,,,,,,,,,,,,,,,,,,,,,,,,,,
CCCA03356,5/12/2018,12/5/2018,7-Dec-18,Decembre ,Innocent,Cameroun,Yaounde,Mvog-Betsi,N,3.86402,,E,11.48759,,,Femelle,Adulte,0,0,0,FemAd,270,118,240,grands,0,86,Gris,Gris,,Autre,Ville,0,Filet,Hypsignathus,monstrosus,Hypsignathus monstrosus,,,0,0,1,0,0,47,93,3,1,199,2,30,2,20,3,,,,,,,,,,,,,,,,,,,,,,,,,,,,,,,,,,
CCCA03357,5/12/2018,12/5/2018,7-Dec-18,Decembre ,Innocent,Cameroun,Yaounde,Mvog-Betsi,N,3.86402,,E,11.48759,,,Male,Adulte,,,,MalAd,230,116,220,grands,0,80,Gris,Gris,,Autre,Ville,0,Filet,Hypsignathus,monstrosus,Hypsignathus monstrosus,,,0,0,3,0,0,5,4,3,28,6,6,0,6,4,3,,,,,,,,,,,,,,,,,,,,,,,,,,,,,,,,,,
CCCA03358,5/12/2018,12/5/2018,7-Dec-18,Decembre ,Innocent,Cameroun,Yaounde,Mvog-Betsi,N,3.86402,,E,11.48759,,,Femelle,Adulte,1,0,0,FemAdGest,240,119,225,grands,0,87,Gris,Gris,,Autre,Ville,0,Filet,Hypsignathus,monstrosus,Hypsignathus monstrosus,,,0,0,2,0,0,3,3,4,0,10,6,0,3,5,1,,,,,,,,,,,,,,,,,,,,,,,,,,,,,,,,,,
CCCA03360,5/12/2018,12/5/2018,7-Dec-18,Decembre ,Innocent,Cameroun,Yaounde,Mvog-Betsi,N,3.86402,,E,11.48759,,,Femelle,Adulte,1,0,0,FemAdGest,170,107,200,grands,0,74,Gris,Gris,,Autre,Ville,0,Filet,Hypsignathus,monstrosus,Hypsignathus monstrosus,,,0,0,4,0,0,3,3,2,1,5,3,1,2,2,1,,,,,,,,,,,,,,,,,,,,,,,,,,,,,,,,,,
CCCA03361,5/12/2018,12/5/2018,7-Dec-18,Decembre ,Innocent,Cameroun,Yaounde,Mvog-Betsi,N,3.86402,,E,11.48759,,,Male,Adulte,,,,MalAd,435,134,295,grands,0,93,Gris,Gris,,Autre,Ville,0,Filet,Hypsignathus,monstrosus,Hypsignathus monstrosus,,,0,0,1,0,0,1,3,1,0,4,3,2,2,5,2,,,,,,,,,,,,,,,,,,,,,,,,,,,,,,,,,,
CCCA03362,6/12/2018,12/6/2018,7-Dec-18,Decembre ,Innocent,Cameroun,Yaounde,Mvog-Betsi,N,3.86402,,E,11.48759,,,Male,Adulte,,,,MalAd,270,133,360,grands,0,95,Gris,Gris,,Autre,Ville,0,Filet,Hypsignathus,monstrosus,Hypsignathus monstrosus,,,0,0,3,0,0,8,6,0,0,20,6,5,4,1,1,,,,,,,,,,,,,,,,,,,,,,,,,,,,,,,,,,
CCCA03363,6/12/2018,12/6/2018,7-Dec-18,Decembre ,Innocent,Cameroun,Yaounde,Mvog-Betsi,N,3.86402,,E,11.48759,,,Male,Adulte,,,,MalAd,310,131,265,grands,0,95,Gris,Gris,,Autre,Ville,0,Filet,Hypsignathus,monstrosus,Hypsignathus monstrosus,,,0,0,0,0,0,5,9,2,1,18,2,3,2,1,2,,,,,,,,,,,,,,,,,,,,,,,,,,,,,,,,,,
CCCA03364,6/12/2018,12/6/2018,7-Dec-18,Decembre ,Innocent,Cameroun,Yaounde,Mvog-Betsi,N,3.86402,,E,11.48759,,,Male,Adulte,,,,MalAd,495,137,290,grands,0,98,Gris,Gris,,Autre,Ville,0,Filet,Hypsignathus,monstrosus,Hypsignathus monstrosus,,,0,0,1,0,0,10,10,3,1,45,3,9,4,32,1,,,,,,,,,,,,,,,,,,,,,,,,,,,,,,,,,,
CCCA03365,6/12/2018,12/6/2018,7-Dec-18,Decembre ,Innocent,Cameroun,Yaounde,Mvog-Betsi,N,3.86402,,E,11.48759,,,Male,Adulte,,,,MalAd,315,130,250,grands,0,95,Gris,Gris,,Autre,Ville,0,Filet,Hypsignathus,monstrosus,Hypsignathus monstrosus,,,0,0,1,0,0,5,5,1,1,46,4,2,5,0,2,,,,,,,,,,,,,,,,,,,,,,,,,,,,,,,,,,
CCCA03366,6/12/2018,12/6/2018,7-Dec-18,Decembre ,Innocent,Cameroun,Yaounde,Mvog-Betsi,N,3.86402,,E,11.48759,,,Femelle,Adulte,1,0,0,FemAdGest,255,121,230,grands,0,85,Gris,Gris,,Autre,Ville,0,Filet,Hypsignathus,monstrosus,Hypsignathus monstrosus,,,0,0,5,0,0,5,3,2,0,17,2,1,3,0,0,,,,,,,,,,,,,,,,,,,,,,,,,,,,,,,,,,
CCCA03369,6/12/2018,12/6/2018,7-Dec-18,Decembre ,Innocent,Cameroun,Yaounde,Mvog-Betsi,N,3.86402,,E,11.48759,,,Male,Juvénile,,,,MalJuv,190,115,220,grands,0,82,Gris,Gris,,Autre,Ville,0,Filet,Hypsignathus,monstrosus,Hypsignathus monstrosus,,,0,0,2,0,0,4,19,2,4,0,3,0,3,0,3,,,,,,,,,,,,,,,,,,,,,,,,,,,,,,,,,,
CCCA03398,10/12/2018,12/10/2018,7-Dec-18,Decembre ,Innocent,Cameroun,Yaounde,Mvog-Betsi,N,3.86402,,E,11.48759,,,Femelle,Adulte,0,0,0,FemAd,130,102,180,grands,0,70,Gris,Gris,,Autre,Ville,0,Filet,Hypsignathus,monstrosus,Hypsignathus monstrosus,,,0,0,1,0,0,7,3,4,1,8,7,1,5,5,1,,,,,,,,,,,,,,,,,,,,,,,,,,,,,,,,,,
CCCA03402,10/12/2018,12/10/2018,7-Dec-18,Decembre ,Innocent,Cameroun,Yaounde,Mvog-Betsi,N,3.86402,,E,11.48759,,,Male,Adulte,,,,MalAd,175,119,200,grands,0,77,Gris,Gris,,Autre,Ville,0,Filet,Hypsignathus,monstrosus,Hypsignathus monstrosus,,,0,0,11,0,0,4,9,17,1,6,2,0,29,5,2,,,,,,,,,,,,,,,,,,,,,,,,,,,,,,,,,,
CCCA03403,10/12/2018,12/10/2018,7-Dec-18,Decembre ,Innocent,Cameroun,Yaounde,Mvog-Betsi,N,3.86402,,E,11.48759,,,Male,Adulte,,,,MalAd,175,110,220,grands,0,74,Gris,Gris,,Autre,Ville,0,Filet,Hypsignathus,monstrosus,Hypsignathus monstrosus,,,0,0,1,0,0,81,552,2,1,768,3,79,20,33,3,,,,,,,,,,,,,,,,,,,,,,,,,,,,,,,,,,
CCCA03408,10/12/2018,12/10/2018,7-Dec-18,Decembre ,Innocent,Cameroun,Yaounde,Mvog-Betsi,N,3.86402,,E,11.48759,,,Male,Adulte,,,,MalAd,160,107,190,grands,0,75,Gris,Gris,,Autre,Ville,0,Filet,Hypsignathus,monstrosus,Hypsignathus monstrosus,,,0,0,4,0,0,2,2,46,2,0,12,1,4,10,0,,,,,,,,,,,,,,,,,,,,,,,,,,,,,,,,,,
CCCA03409,10/12/2018,12/10/2018,7-Dec-18,Decembre ,Innocent,Cameroun,Yaounde,Mvog-Betsi,N,3.86402,,E,11.48759,,,Male,Adulte,,,,MalAd,175,112,200,grands,0,79,Gris,Gris,,Autre,Ville,0,Filet,Hypsignathus,monstrosus,Hypsignathus monstrosus,,,0,0,0,0,0,2,0,0,0,56,8,0,3,5,1,,,,,,,,,,,,,,,,,,,,,,,,,,,,,,,,,,
CCCA03411,11/12/2018,12/11/2018,7-Dec-18,Decembre ,Innocent,Cameroun,Yaounde,Mvog-Betsi,N,3.86402,,E,11.48759,,,Male,,,,,MalAd,275,125,225,grands,0,90,Gris,Gris,,Autre,Ville,0,Filet,Hypsignathus,monstrosus,Hypsignathus monstrosus,,,0,0,1,0,0,18,62,1,1,51,9,19,7,10,2,,,,,,,,,,,,,,,,,,,,,,,,,,,,,,,,,,
CCCA03414,11/12/2018,12/11/2018,7-Dec-18,Decembre ,Innocent,Cameroun,Yaounde,Mvog-Betsi,N,3.86402,,E,11.48759,,,Femelle,,0,0,0,FemJuv,155,108,190,grands,0,70,Gris,Gris,,Autre,Ville,0,Filet,Hypsignathus,monstrosus,Hypsignathus monstrosus,,,0,0,4,1,1,692,626,6,1,2339,6,363,9,4,3,,,,,,,,,,,,,,,,,,,,,,,,,,,,,,,,,,
CCCA03416,11/12/2018,12/11/2018,7-Dec-18,Decembre ,Innocent,Cameroun,Yaounde,Mvog-Betsi,N,3.86402,,E,11.48759,,,Femelle,Adulte,0,0,0,FemAd,132,108,185,grands,0,73,Gris,Gris,,Autre,Ville,0,Filet,Hypsignathus,monstrosus,Hypsignathus monstrosus,,,0,0,6,0,0,24,11,3,1,46,8,12,9,91,2,,,,,,,,,,,,,,,,,,,,,,,,,,,,,,,,,,
CCCA03423,19/01/2019,1/19/2019,26-Jan-19,Janvier-Fevrier,Innocent,Cameroun,Yaounde,Mvog-Betsi,N,3.86402,,E,11.48759,,,Male,,,,,MalJuv,46,58,140,grands,0,34,Gris,Gris,,Autre,Ville,0,Filet,Hypsignathus,monstrosus,Hypsignathus monstrosus,,,0,0,2,1,0,330,291,4,1,926,5,177,4,34,5,,,,,,,,,,,,,,,,,,,,,,,,,,,,,,,,,,
CCCA03424,19/01/2019,1/19/2019,26-Jan-19,Janvier-Fevrier,Innocent,Cameroun,Yaounde,Mvog-Betsi,N,3.864,,E,11.48759,,,Femelle,,0,1,0,FemAdLact,260,121,230,grands,0,85,Gris,Gris,,Autre,Ville,0,Filet,Hypsignathus,monstrosus,Hypsignathus monstrosus,,,0,0,1,1,0,192,177,1,1,609,2,157,2,21,1,,,,,,,,,,,,,,,,,,,,,,,,,,,,,,,,,,
CCCA03425,19/01/2019,1/19/2019,26-Jan-19,Janvier-Fevrier,Innocent,Cameroun,Yaounde,Mvog-Betsi,N,3.864,,E,11.48757,,,Femelle,,0,0,0,FemAd,155,107,190,grands,0,75,Gris,Gris,,Autre,Ville,0,Filet,Hypsignathus,monstrosus,Hypsignathus monstrosus,,,0,0,5,0,0,5,19,1,1,6,3,1,1,1,0,,,,,,,,,,,,,,,,,,,,,,,,,,,,,,,,,,
CCCA03429,19/01/2019,1/19/2019,26-Jan-19,Janvier-Fevrier,Innocent,Cameroun,Yaounde,Mvog-Betsi,N,3.864,,E,11.48757,,,Male,,,,,MalAd,180,110,,grands,0,-,Gris,Gris,,Autre,Ville,0,Filet,Hypsignathus,monstrosus,Hypsignathus monstrosus,,,0,0,1,0,0,0,1,1,5,0,1,0,1,6,4,,,,,,,,,,,,,,,,,,,,,,,,,,,,,,,,,,
CCCA03432,19/01/2019,1/19/2019,26-Jan-19,Janvier-Fevrier,Innocent,Cameroun,Yaounde,Mvog-Betsi,N,3.864,,E,11.48757,,,Femelle,,0,0,0,FemAd,170,108,200,grands,0,75,Gris,Gris,,Autre,Ville,0,Filet,Hypsignathus,monstrosus,Hypsignathus monstrosus,,,0,0,5,0,0,6,14,1,5,9,1,2,1,40,2,,,,,,,,,,,,,,,,,,,,,,,,,,,,,,,,,,
CCCA03440,19/01/2019,1/19/2019,26-Jan-19,Janvier-Fevrier,Innocent,Cameroun,Yaounde,Mvog-Betsi,N,3.864,,E,11.48757,,,Male,,,,,MalAd,435,136,310,grands,0,98,Gris,Gris,,Autre,Ville,0,Filet,Hypsignathus,monstrosus,Hypsignathus monstrosus,,,0,0,1,0,0,1,0,1,0,1,0,1,1,5,2,,,,,,,,,,,,,,,,,,,,,,,,,,,,,,,,,,
CCCA03441,19/01/2019,1/19/2019,26-Jan-19,Janvier-Fevrier,Innocent,Cameroun,Yaounde,Mvog-Betsi,N,3.864,,E,11.48757,,,Femelle,,0,0,0,FemAd,150,100,190,grands,0,80,Gris,Gris,,Autre,Ville,0,Filet,Hypsignathus,monstrosus,Hypsignathus monstrosus,,,0,0,0,0,0,1,2,5,5,1,0,5,1,0,1,,,,,,,,,,,,,,,,,,,,,,,,,,,,,,,,,,
CCCA03443,19/01/2019,1/19/2019,26-Jan-19,Janvier-Fevrier,Innocent,Cameroun,Yaounde,Mvog-Betsi,N,3.864,,E,11.48757,,,Femelle,,0,0,0,FemAd,210,118,230,grands,0,85,Gris,Gris,,Autre,Ville,0,Filet,Hypsignathus,monstrosus,Hypsignathus monstrosus,,,0,0,0,0,0,13,7,1,0,162,3,8,8,9,1,,,,,,,,,,,,,,,,,,,,,,,,,,,,,,,,,,
CCCA03444,19/01/2019,1/19/2019,26-Jan-19,Janvier-Fevrier,Innocent,Cameroun,Yaounde,Mvog-Betsi,N,3.864,,E,11.48757,,,Male,,,,,MalAd,180,115,210,grands,0,82,Gris,Gris,,Autre,Ville,0,Filet,Hypsignathus,monstrosus,Hypsignathus monstrosus,,,0,0,1,0,0,2,12,2,5,19,3,1,2,5,2,,,,,,,,,,,,,,,,,,,,,,,,,,,,,,,,,,
CCCA03461,20/01/2019,1/20/2019,26-Jan-19,Janvier-Fevrier,Innocent,Cameroun,Yaounde,Mvog-Betsi,N,3.864,,E,11.48757,,,Femelle,,0,1,0,FemAdLact,,124,240,grands,0,88,Gris,Gris,,Autre,Ville,0,Filet,Hypsignathus,monstrosus,Hypsignathus monstrosus,,,0,0,5,1,0,189,168,3,1,646,5,115,4,14,0,,,,,,,,,,,,,,,,,,,,,,,,,,,,,,,,,,
CCCA03489,23/01/2019,1/23/2019,26-Jan-19,Janvier-Fevrier,Innocent,Cameroun,Yaounde,Mvog-Betsi,N,3.864,,E,11.48757,,,Male,,,,,MalAd,440,134,300,grands,0,97,Gris,Gris,,Autre,Ville,0,Filet,Hypsignathus,monstrosus,Hypsignathus monstrosus,,,0,0,1,0,0,5,20,6,9,9,4,11,4,15,1,,,,,,,,,,,,,,,,,,,,,,,,,,,,,,,,,,
CCCA03491,23/01/2019,1/23/2019,26-Jan-19,Janvier-Fevrier,Innocent,Cameroun,Yaounde,Mvog-Betsi,N,3.864,,E,11.48757,,,Male,,,,,MalAd,390,132,295,grands,0,90,Gris,Gris,,Autre,Ville,0,Filet,Hypsignathus,monstrosus,Hypsignathus monstrosus,,,0,0,1,0,0,3,11,4,1,30,4,9,2,1,2,,,,,,,,,,,,,,,,,,,,,,,,,,,,,,,,,,
CCCA03503,24/01/2019,1/24/2019,26-Jan-19,Janvier-Fevrier,Innocent,Cameroun,Yaounde,Mvog-Betsi,N,3.864,,E,11.48757,,,Femelle,,0,0,0,FemJuv,130,106,190,grands,0,75,Gris,Gris,,Autre,Ville,0,Filet,Hypsignathus,monstrosus,Hypsignathus monstrosus,,,0,0,1,0,0,6,36,7,5,13,4,8,5,6,5,,,,,,,,,,,,,,,,,,,,,,,,,,,,,,,,,,
CCCA03504,24/01/2019,1/24/2019,26-Jan-19,Janvier-Fevrier,Innocent,Cameroun,Yaounde,Mvog-Betsi,N,3.864,,E,11.48757,,,Male,,,,,MalAd,415,133,280,grands,0,95,Gris,Gris,,Autre,Ville,0,Filet,Hypsignathus,monstrosus,Hypsignathus monstrosus,,,0,0,0,0,0,37,45,2,5,157,0,24,1,1,5,,,,,,,,,,,,,,,,,,,,,,,,,,,,,,,,,,
CCCA03506,24/01/2019,1/24/2019,26-Jan-19,Janvier-Fevrier,Innocent,Cameroun,Yaounde,Mvog-Betsi,N,3.864,,E,11.48757,,,Male,,,,,MalAd,215,118,220,grands,0,82,Gris,Gris,,Autre,Ville,0,Filet,Hypsignathus,monstrosus,Hypsignathus monstrosus,,,0,0,0,1,0,133,127,2,1,611,3,82,2,5,5,,,,,,,,,,,,,,,,,,,,,,,,,,,,,,,,,,
CCCA03508,24/01/2019,1/24/2019,26-Jan-19,Janvier-Fevrier,Innocent,Cameroun,Yaounde,Mvog-Betsi,N,3.864,,E,11.48757,,,Femelle,,0,0,0,FemAd,195,116,210,grands,0,85,Gris,Gris,,Autre,Ville,0,Filet,Hypsignathus,monstrosus,Hypsignathus monstrosus,,,0,0,1,0,0,64,54,2,1,426,2,40,2,0,0,,,,,,,,,,,,,,,,,,,,,,,,,,,,,,,,,,
CCCA03512,26/01/2019,1/26/2019,26-Jan-19,Janvier-Fevrier,Innocent,Cameroun,Yaounde,Mvog-Betsi,N,3.864,,E,11.48757,,,Femelle,,0,1,1,FemAdLact,250,121,230,grands,0,89,Gris,Gris,,Autre,Ville,0,Filet,Hypsignathus,monstrosus,Hypsignathus monstrosus,,,0,0,0,0,0,10,24,3,0,40,2,71,1,24,0,,,,,,,,,,,,,,,,,,,,,,,,,,,,,,,,,,
CCCA03513,26/01/2019,1/26/2019,26-Jan-19,Janvier-Fevrier,Innocent,Cameroun,Yaounde,Mvog-Betsi,N,3.864,,E,11.48757,,,Femelle,,0,0,0,FemJuv,50,64,130,grands,0,40,Gris,Gris,,Autre,Ville,0,Filet,Hypsignathus,monstrosus,Hypsignathus monstrosus,,,0,0,1,0,0,6,14,2,1,25,2,9,2,10,1,,,,,,,,,,,,,,,,,,,,,,,,,,,,,,,,,,
CCCA03514,26/01/2019,1/26/2019,26-Jan-19,Janvier-Fevrier,Innocent,Cameroun,Yaounde,Mvog-Betsi,N,3.864,,E,11.48757,,,Femelle,,0,1,1,FemAdLact,270,120,240,grands,0,84,Gris,Gris,,Autre,Ville,0,Filet,Hypsignathus,monstrosus,Hypsignathus monstrosus,,,0,0,0,0,0,30,28,2,1,124,2,25,2,12,5,,,,,,,,,,,,,,,,,,,,,,,,,,,,,,,,,,
CCCA03515,26/01/2019,1/26/2019,26-Jan-19,Janvier-Fevrier,Innocent,Cameroun,Yaounde,Mvog-Betsi,N,3.864,,E,11.48757,,,Femelle,,0,0,0,FemAd,40,58,120,grands,0,35,Gris,Gris,,Autre,Ville,0,Filet,Hypsignathus,monstrosus,Hypsignathus monstrosus,,,0,0,5,0,0,17,12,2,0,81,1,14,1,6,5,,,,,,,,,,,,,,,,,,,,,,,,,,,,,,,,,,
CCCA03516,26/01/2019,1/26/2019,26-Jan-19,Janvier-Fevrier,Innocent,Cameroun,Yaounde,Mvog-Betsi,N,3.864,,E,11.48757,,,Femelle,,0,1,0,FemAdLact,275,122,240,grands,0,85,Gris,Gris,,Autre,Ville,0,Filet,Hypsignathus,monstrosus,Hypsignathus monstrosus,,,0,0,5,0,0,1,2,1,3,30,7,3,1,5,1,,,,,,,,,,,,,,,,,,,,,,,,,,,,,,,,,,
CCCA03517,26/01/2019,1/26/2019,26-Jan-19,Janvier-Fevrier,Innocent,Cameroun,Yaounde,Mvog-Betsi,N,3.864,,E,11.48757,,,Femelle,,0,0,0,FemAd,165,110,200,grands,0,80,Gris,Gris,,Autre,Ville,0,Filet,Hypsignathus,monstrosus,Hypsignathus monstrosus,,,0,0,0,0,0,81,87,3,1,610,19,75,4,8,0,,,,,,,,,,,,,,,,,,,,,,,,,,,,,,,,,,
CCCA03521,26/01/2019,1/26/2019,26-Jan-19,Janvier-Fevrier,Innocent,Cameroun,Yaounde,Mvog-Betsi,N,3.864,,E,11.48757,,,Male,,,,,MalAd,465,138,300,grands,0,99,Gris,Gris,,Autre,Ville,0,Filet,Hypsignathus,monstrosus,Hypsignathus monstrosus,,,0,0,5,0,0,1,1,1,5,8,2,0,0,2,5,,,,,,,,,,,,,,,,,,,,,,,,,,,,,,,,,,
CCCA03525,27/01/2019,1/27/2019,26-Jan-19,Janvier-Fevrier,Innocent,Cameroun,Yaounde,Mvog-Betsi,N,3.864,,E,11.48757,,,Male,,,,,MalAd,465,137,300,grands,0,97,Gris,Gris,,Autre,Ville,0,Filet,Hypsignathus,monstrosus,Hypsignathus monstrosus,,,0,0,5,0,0,4,4,2,0,28,3,2,1,5,0,,,,,,,,,,,,,,,,,,,,,,,,,,,,,,,,,,
CCCA03526,19/01/2019,1/19/2019,26-Jan-19,Janvier-Fevrier,Innocent,Cameroun,Yaounde,Mvog-Betsi,N,3.864,,E,11.48757,,,Male,,,,,MalAd,395,131,290,grands,0,99,Gris,Gris,,Autre,Ville,0,Filet,Hypsignathus,monstrosus,Hypsignathus monstrosus,,,0,0,0,0,0,118,629,7,1,399,3,236,2,159,0,,,,,,,,,,,,,,,,,,,,,,,,,,,,,,,,,,
CCCA03527,27/01/2019,1/27/2019,26-Jan-19,Janvier-Fevrier,Innocent,Cameroun,Yaounde,Mvog-Betsi,N,3.864,,E,11.48757,,,Femelle,,1,0,0,FemAdGest,320,100,230,grands,0,85,Gris,Gris,,Autre,Ville,0,Filet,Hypsignathus,monstrosus,Hypsignathus monstrosus,,,0,0,0,0,0,5,5,3,0,29,1,4,2,1,1,,,,,,,,,,,,,,,,,,,,,,,,,,,,,,,,,,
CCCA03530,27/01/2019,1/27/2019,26-Jan-19,Janvier-Fevrier,Innocent,Cameroun,Yaounde,Mvog-Betsi,N,3.864,,E,11.48757,,,Femelle,,0,1,1,FemAdLact,250,118,240,grands,0,83,Gris,Gris,,Autre,Ville,0,Filet,Hypsignathus,monstrosus,Hypsignathus monstrosus,,,0,0,5,0,0,9,15,2,5,62,4,17,1,27,5,,,,,,,,,,,,,,,,,,,,,,,,,,,,,,,,,,
CCCA03531,27/01/2019,1/27/2019,26-Jan-19,Janvier-Fevrier,Innocent,Cameroun,Yaounde,Mvog-Betsi,N,3.864,,E,11.48757,,,Male,,,,,MalJuv,40,53,120,grands,0,31,Gris,Gris,,Autre,Ville,0,Filet,Hypsignathus,monstrosus,Hypsignathus monstrosus,,,0,0,0,0,0,10,17,3,2,91,5,17,2,32,1,,,,,,,,,,,,,,,,,,,,,,,,,,,,,,,,,,
CCCA03533,27/01/2019,1/27/2019,26-Jan-19,Janvier-Fevrier,Innocent,Cameroun,Yaounde,Mvog-Betsi,N,3.864,,E,11.48757,,,Femelle,,0,0,0,FemJuv,190,114,220,grands,0,80,Gris,Gris,,Autre,Ville,0,Filet,Hypsignathus,monstrosus,Hypsignathus monstrosus,,,0,0,5,0,0,7,4,5,2,12,10,2,4,7,0,,,,,,,,,,,,,,,,,,,,,,,,,,,,,,,,,,
CCCA03534,27/01/2019,1/27/2019,26-Jan-19,Janvier-Fevrier,Innocent,Cameroun,Yaounde,Mvog-Betsi,N,3.864,,E,11.48757,,,Femelle,,0,0,0,FemAd,220,115,220,grands,0,80,Gris,Gris,,Autre,Ville,0,Filet,Hypsignathus,monstrosus,Hypsignathus monstrosus,,,0,0,0,0,0,1,3,4,3,6,1,2,1,10,5,,,,,,,,,,,,,,,,,,,,,,,,,,,,,,,,,,
CCCA03535,27/01/2019,1/27/2019,26-Jan-19,Janvier-Fevrier,Innocent,Cameroun,Yaounde,Mvog-Betsi,N,3.864,,E,11.48757,,,Male,,,,,MalAd,160,119,200,grands,0,73,Gris,Gris,,Autre,Ville,0,Filet,Hypsignathus,monstrosus,Hypsignathus monstrosus,,,0,0,33,0,0,14,38,7,1,204,7,11,8,11,1,,,,,,,,,,,,,,,,,,,,,,,,,,,,,,,,,,
CCCA03536,27/01/2019,1/27/2019,26-Jan-19,Janvier-Fevrier,Innocent,Cameroun,Yaounde,Mvog-Betsi,N,3.864,,E,11.48757,,,Femelle,,0,0,0,FemAd,235,119,225,grands,0,85,Gris,Gris,,Autre,Ville,0,Filet,Hypsignathus,monstrosus,Hypsignathus monstrosus,,,0,0,1,0,0,9,6,4,0,6,2,6,1,69,0,,,,,,,,,,,,,,,,,,,,,,,,,,,,,,,,,,
CCCA03540,29/01/2019,1/29/2019,26-Jan-19,Janvier-Fevrier,Innocent,Cameroun,Yaounde,Mvog-Betsi,N,3.864,,E,11.48757,,,Femelle,,0,0,0,FemJuv,150,111,200,grands,0,75,Gris,Gris,,Autre,Ville,0,Filet,Hypsignathus,monstrosus,Hypsignathus monstrosus,,,0,0,7,0,0,13,8,1,7,13,0,3,3,6,5,,,,,,,,,,,,,,,,,,,,,,,,,,,,,,,,,,
CCCA03541,29/01/2019,1/29/2019,26-Jan-19,Janvier-Fevrier,Innocent,Cameroun,Yaounde,Mvog-Betsi,N,3.864,,E,11.48757,,,Male,,,,,MalAd,210,117,230,grands,0,80,Gris,Gris,,Autre,Ville,0,Filet,Hypsignathus,monstrosus,Hypsignathus monstrosus,,,0,0,2,0,0,10,4,2,0,6,2,2,2,5,0,,,,,,,,,,,,,,,,,,,,,,,,,,,,,,,,,,
CCCA03543,29/01/2019,1/29/2019,26-Jan-19,Janvier-Fevrier,Innocent,Cameroun,Yaounde,Mvog-Betsi,N,3.864,,E,11.48757,,,Male,,,,,MalAd,230,121,230,grands,0,85,Gris,Gris,,Autre,Ville,0,Filet,Hypsignathus,monstrosus,Hypsignathus monstrosus,,,0,0,0,1,0,194,274,3,4,1025,2,114,2,106,1,,,,,,,,,,,,,,,,,,,,,,,,,,,,,,,,,,
CCCA03547,29/01/2019,1/29/2019,26-Jan-19,Janvier-Fevrier,Innocent,Cameroun,Yaounde,Mvog-Betsi,N,3.864,,E,11.48757,,,Femelle,,0,1,0,FemAdLact,240,118,230,grands,-,85,Gris,Gris,,Autre,Ville,0,Filet,Hypsignathus,monstrosus,Hypsignathus monstrosus,,,0,0,4,1,0,156,717,4,3,861,6,137,3,138,5,,,,,,,,,,,,,,,,,,,,,,,,,,,,,,,,,,
CCCA03548,29/01/2019,1/29/2019,26-Jan-19,Janvier-Fevrier,Innocent,Cameroun,Yaounde,Mvog-Betsi,N,3.864,,E,11.48757,,,Femelle,,0,1,0,FemAdLact,255,120,230,grands,0,86,Gris,Gris,,Autre,Ville,0,Filet,Hypsignathus,monstrosus,Hypsignathus monstrosus,,,0,0,5,0,0,53,45,9,2,170,3,31,6,1,5,,,,,,,,,,,,,,,,,,,,,,,,,,,,,,,,,,
CCCA03553,31/01/2019,1/31/2019,26-Jan-19,Janvier-Fevrier,Innocent,Cameroun,Yaounde,Mvog-Betsi,N,3.864,,E,11.48757,,,Femelle,,0,1,0,FemAdLact,280,119,230,grands,0,85,Gris,Gris,,Autre,Ville,0,Filet,Hypsignathus,monstrosus,Hypsignathus monstrosus,,,0,0,2,0,0,1,1,1,2,3,11,1,2,2,5,,,,,,,,,,,,,,,,,,,,,,,,,,,,,,,,,,
CCCA03554,31/01/2019,1/31/2019,26-Jan-19,Janvier-Fevrier,Innocent,Cameroun,Yaounde,Mvog-Betsi,N,3.864,,E,11.48757,,,Femelle,,0,1,0,FemAdLact,270,122,230,grands,0,90,Gris,Gris,,Autre,Ville,0,Filet,Hypsignathus,monstrosus,Hypsignathus monstrosus,,,0,0,2,0,0,1,2,1,0,6,5,0,2,5,5,,,,,,,,,,,,,,,,,,,,,,,,,,,,,,,,,,
CCCA03558,31/01/2019,1/31/2019,26-Jan-19,Janvier-Fevrier,Innocent,Cameroun,Yaounde,Mvog-Betsi,N,3.864,,E,11.48757,,,Male,,,,,MalAd,450,134,300,grands,0,90,Gris,Gris,,Autre,Ville,0,Filet,Hypsignathus,monstrosus,Hypsignathus monstrosus,,,0,0,3,0,0,95,108,5,1,375,2,62,2,4,5,,,,,,,,,,,,,,,,,,,,,,,,,,,,,,,,,,
CCCA03560,1/2/2019,2/1/2019,26-Jan-19,Janvier-Fevrier,Innocent,Cameroun,Yaounde,Mvog-Betsi,N,3.864,,E,11.48757,,,Male,,,,,MalAd,370,137,280,grands,0,96,Gris,Gris,,Autre,Ville,0,Filet,Hypsignathus,monstrosus,Hypsignathus monstrosus,,,0,0,4,0,0,5,6,4,3,19,5,7,3,7,1,,,,,,,,,,,,,,,,,,,,,,,,,,,,,,,,,,
CCCA03561,1/2/2019,2/1/2019,26-Jan-19,Janvier-Fevrier,Innocent,Cameroun,Yaounde,Mvog-Betsi,N,3.864,,E,11.48757,,,Femelle,,0,0,0,FemJuv,145,108,180,grands,0,73,Gris,Gris,,Autre,Ville,0,Filet,Hypsignathus,monstrosus,Hypsignathus monstrosus,,,0,0,4,0,0,3,3,23,4,17,21,7,31,27,5,,,,,,,,,,,,,,,,,,,,,,,,,,,,,,,,,,
CCCA03562,1/2/2019,2/1/2019,26-Jan-19,Janvier-Fevrier,Innocent,Cameroun,Yaounde,Mvog-Betsi,N,3.864,,E,11.48757,,,Femelle,,0,1,0,FemAdLact,235,123,230,grands,0,88,Gris,Gris,,Autre,Ville,0,Filet,Hypsignathus,monstrosus,Hypsignathus monstrosus,,,0,0,3,0,0,31,196,4,47,86,9,25,6,17,0,,,,,,,,,,,,,,,,,,,,,,,,,,,,,,,,,,
CCCA03563,1/2/2019,2/1/2019,26-Jan-19,Janvier-Fevrier,Innocent,Cameroun,Yaounde,Mvog-Betsi,N,3.864,,E,11.48757,,,Femelle,,0,1,1,FemAdLact,270,120,240,grands,0,89,Gris,Gris,,Autre,Ville,0,Filet,Hypsignathus,monstrosus,Hypsignathus monstrosus,,,0,0,2,0,0,5,2,2,2,2,4,1,3,0,5,,,,,,,,,,,,,,,,,,,,,,,,,,,,,,,,,,
CCCA03564,1/2/2019,2/1/2019,26-Jan-19,Janvier-Fevrier,Innocent,Cameroun,Yaounde,Mvog-Betsi,N,3.864,,E,11.48757,,,Male,,,,,MalJuv,40,51,120,grands,0,28,Gris,Gris,,Autre,Ville,0,Filet,Hypsignathus,monstrosus,Hypsignathus monstrosus,,,0,0,4,0,0,2,2,3,5,2,6,0,4,0,5,,,,,,,,,,,,,,,,,,,,,,,,,,,,,,,,,,
CCCA03567,1/2/2019,2/1/2019,26-Jan-19,Janvier-Fevrier,Innocent,Cameroun,Yaounde,Mvog-Betsi,N,3.864,,E,11.48757,,,Femelle,,0,1,0,FemAdLact,260,118,220,grands,0,86,Gris,Gris,,Autre,Ville,0,Filet,Hypsignathus,monstrosus,Hypsignathus monstrosus,,,0,0,0,0,0,0,1,1,2,1,14,1,1,3,5,,,,,,,,,,,,,,,,,,,,,,,,,,,,,,,,,,
CCCA03568,26/02/2019,2/26/2019,3-Mar-19,Fevrier-Mars,Innocent,Cameroun,Yaounde,Mvog-Betsi,N,3.86303,,E,11.48729,,,Femelle,,0,0,0,FemAd,200,116,220,grands,0,80,Gris,Gris,,Autre,Ville,0,Filet,Hypsignathus,monstrosus,Hypsignathus monstrosus,,,0,0,1,1,0,237,231,5,6,1234,4,157,7,21,5,,,,,,,,,,,,,,,,,,,,,,,,,,,,,,,,,,
CCCA03571,26/02/2019,2/26/2019,3-Mar-19,Fevrier-Mars,Innocent,Cameroun,Yaounde,Mvog-Betsi,N,3.86308,,E,11.48729,,,Male,,,,,MalAd,420,131,300,grands,0,90,Gris,Gris,,Autre,Ville,0,Filet,Hypsignathus,monstrosus,Hypsignathus monstrosus,,,0,0,4,0,0,1,5,3,2,8,6,9,2,1,0,,,,,,,,,,,,,,,,,,,,,,,,,,,,,,,,,,
CCCA03572,26/02/2019,2/26/2019,3-Mar-19,Fevrier-Mars,Innocent,Cameroun,Yaounde,Mvog-Betsi,N,3.86308,,E,11.48729,,,Femelle,,0,0,0,FemAd,210,119,220,grands,0,85,Gris,Gris,,Autre,Ville,0,Filet,Hypsignathus,monstrosus,Hypsignathus monstrosus,,,0,0,7,0,0,18,15,4,1,5,3,7,7,58,5,,,,,,,,,,,,,,,,,,,,,,,,,,,,,,,,,,
CCCA03574,26/02/2019,2/26/2019,3-Mar-19,Fevrier-Mars,Innocent,Cameroun,Yaounde,Mvog-Betsi,N,3.86308,,E,11.48729,,,Male,,,,,MalAd,375,129,260,grands,0,95,Gris,Gris,,Autre,Ville,0,Filet,Hypsignathus,monstrosus,Hypsignathus monstrosus,,,0,0,1,0,0,0,1,3,7,5,1,0,1,0,5,,,,,,,,,,,,,,,,,,,,,,,,,,,,,,,,,,
CCCA03575,28/02/2019,2/28/2019,3-Mar-19,Fevrier-Mars,Innocent,Cameroun,Yaounde,Mvog-Betsi,N,3.86308,,E,11.48729,,,Femelle,,0,0,0,FemAd,220,115,220,grands,0,81,Gris,Gris,,Autre,Ville,0,Filet,Hypsignathus,monstrosus,Hypsignathus monstrosus,,,0,0,1,1,0,253,252,6,4,1272,4,175,6,21,5,,,,,,,,,,,,,,,,,,,,,,,,,,,,,,,,,,
CCCA03577,28/02/2019,2/28/2019,3-Mar-19,Fevrier-Mars,Innocent,Cameroun,Yaounde,Mvog-Betsi,N,3.86308,,E,11.48729,,,Femelle,,0,0,0,FemJuv,125,140,190,grands,0,68,Gris,Gris,,Autre,Ville,1,Filet,Hypsignathus,monstrosus,Hypsignathus monstrosus,,,0,0,3,0,0,2,9,4,0,8,7,1,6,1,5,,,,,,,,,,,,,,,,,,,,,,,,,,,,,,,,,,
CCCA03578,28/02/2019,2/28/2019,3-Mar-19,Fevrier-Mars,Innocent,Cameroun,Yaounde,Mvog-Betsi,N,3.86308,,E,11.48729,,,Male,,,,,MalAd,425,141,300,grands,0,100,Gris,Gris,,Autre,Ville,0,Filet,Hypsignathus,monstrosus,Hypsignathus monstrosus,,,0,0,4,0,0,51,22,4,4,57,3,15,5,1,5,,,,,,,,,,,,,,,,,,,,,,,,,,,,,,,,,,
CCCA03580,28/02/2019,2/28/2019,3-Mar-19,Fevrier-Mars,Innocent,Cameroun,Yaounde,Mvog-Betsi,N,3.86308,,E,11.48729,,,Femelle,,0,1,0,FemAdLact,305,127,250,grands,0,90,Gris,Gris,,Autre,Ville,0,Filet,Hypsignathus,monstrosus,Hypsignathus monstrosus,,,0,0,0,0,0,34,28,1,9,229,0,20,1,5,5,,,,,,,,,,,,,,,,,,,,,,,,,,,,,,,,,,
CCCA03581,28/02/2019,2/28/2019,3-Mar-19,Fevrier-Mars,Innocent,Cameroun,Yaounde,Mvog-Betsi,N,3.86308,,E,11.48729,,,Male,,,,,MalAd,300,140,270,grands,0,98,Gris,Gris,,Autre,Ville,0,Filet,Hypsignathus,monstrosus,Hypsignathus monstrosus,,,0,0,2,0,0,19,230,17,0,115,4,58,12,26,5,,,,,,,,,,,,,,,,,,,,,,,,,,,,,,,,,,
CCCA03583,2/3/2019,3/2/2019,3-Mar-19,Fevrier-Mars,Innocent,Cameroun,Yaounde,Mvog-Betsi,N,3.86308,,E,11.48729,,,Male,,,,,MalAd,410,138,285,grands,0,95,Gris,Gris,,Autre,Ville,0,Filet,Hypsignathus,monstrosus,Hypsignathus monstrosus,,,0,0,1,0,0,9,7,4,1,56,2,8,6,12,5,,,,,,,,,,,,,,,,,,,,,,,,,,,,,,,,,,
CCCA03584,3/3/2019,3/3/2019,3-Mar-19,Fevrier-Mars,Innocent,Cameroun,Yaounde,Mvog-Betsi,N,3.86308,,E,11.48729,,,Male,,,,,MalAd,420,135,135,grands,0,95,Gris,Gris,,Autre,Ville,0,Filet,Hypsignathus,monstrosus,Hypsignathus monstrosus,,,0,0,4,0,0,3,6,3,3,12,7,12,2,1,5,,,,,,,,,,,,,,,,,,,,,,,,,,,,,,,,,,
CCCA03586,3/3/2019,3/3/2019,3-Mar-19,Fevrier-Mars,Innocent,Cameroun,Yaounde,Mvog-Betsi,N,3.86308,,E,11.48729,,,Femelle,,0,0,0,FemAd,240,119,237,grands,0,85,Gris,Gris,,Autre,Ville,0,Filet,Hypsignathus,monstrosus,Hypsignathus monstrosus,,,0,0,5,0,0,7,7,3,1,3,2,4,6,29,5,,,,,,,,,,,,,,,,,,,,,,,,,,,,,,,,,,
CCCA03588,3/3/2019,3/3/2019,3-Mar-19,Fevrier-Mars,Innocent,Cameroun,Yaounde,Mvog-Betsi,N,3.86308,,E,11.48729,,,Femelle,,0,0,0,FemJuv,92,93,165,grands,0,63,Gris,Gris,,Autre,Ville,0,Filet,Hypsignathus,monstrosus,Hypsignathus monstrosus,,,0,0,2,0,0,12,11,2,0,125,2,12,1,1,0,,,,,,,,,,,,,,,,,,,,,,,,,,,,,,,,,,
CCCA03621,6/3/2019,3/6/2019,3-Mar-19,Fevrier-Mars,Innocent,Cameroun,Yaounde,Mvog-Betsi,N,3.86308,,E,11.48729,,,Femelle,,0,0,0,FemAd,215,101,215,grands,0,80,Gris,Gris,,Autre,Ville,0,Filet,Hypsignathus,monstrosus,Hypsignathus monstrosus,,,0,0,9,0,0,4,4,9,7,4,9,3,7,31,1,,,,,,,,,,,,,,,,,,,,,,,,,,,,,,,,,,
CCCA03622,6/3/2019,3/6/2019,3-Mar-19,Fevrier-Mars,Innocent,Cameroun,Yaounde,Mvog-Betsi,N,3.86308,,E,11.48729,,,Femelle,,0,0,0,FemAd,215,115,245,grands,0,85,Gris,Gris,,Autre,Ville,0,Filet,Hypsignathus,monstrosus,Hypsignathus monstrosus,,,0,0,6,1,0,209,256,7,3,1083,4,160,7,33,5,,,,,,,,,,,,,,,,,,,,,,,,,,,,,,,,,,
CCCA03624,28/03/2019,3/28/2019,2-Apr-19,Mars-Avril,Innocent,Cameroun,Yaounde,Mvog-Betsi,N,3.86308,,E,11.48729,,,Femelle,Juvénile,0,0,0,FemJuv,100,96,175,grands,0,64,Gris,Gris,,Autre,Ville,0,Filet,Hypsignathus,monstrosus,Hypsignathus monstrosus,,,0,0,5,0,0,4,7,5,2,10,27,3,7,3,1,,,,,,,,,,,,,,,,,,,,,,,,,,,,,,,,,,
CCCA03626,28/03/2019,3/28/2019,2-Apr-19,Mars-Avril,Innocent,Cameroun,Yaounde,Mvog-Betsi,N,3.86308,,E,11.48729,,,Male,Juvénile,,,,MalJuv,120,103,180,grands,0,72,Gris,Gris,,Autre,Ville,0,Filet,Hypsignathus,monstrosus,Hypsignathus monstrosus,,,0,0,5,0,0,14,31,6,5,78,27,14,7,6,2,,,,,,,,,,,,,,,,,,,,,,,,,,,,,,,,,,
CCCA03629,28/03/2019,3/28/2019,2-Apr-19,Mars-Avril,Innocent,Cameroun,Yaounde,Mvog-Betsi,N,3.86308,,E,11.48729,,,Femelle,Juvénile,0,0,0,FemJuv,115,102,170,grands,0,68,Gris,Gris,,Autre,Ville,0,Filet,Hypsignathus,monstrosus,Hypsignathus monstrosus,,,0,0,3,0,0,14,14,3,2,54,2,8,3,0,0,,,,,,,,,,,,,,,,,,,,,,,,,,,,,,,,,,
CCCA03632,28/03/2019,3/28/2019,2-Apr-19,Mars-Avril,Innocent,Cameroun,Yaounde,Mvog-Betsi,N,3.86308,,E,11.48729,,,Male,Adulte,,,,MalAd,260,125,250,grands,0,90,Gris,Gris,,Autre,Ville,0,Filet,Hypsignathus,monstrosus,Hypsignathus monstrosus,,,0,0,4,0,0,27,17,14,3,400,4,17,16,0,1,,,,,,,,,,,,,,,,,,,,,,,,,,,,,,,,,,
CCCA03634,28/03/2019,3/28/2019,2-Apr-19,Mars-Avril,Innocent,Cameroun,Yaounde,Mvog-Betsi,N,3.86308,,E,11.48729,,,Male,Adulte,,,,MalAd,225,120,230,grands,0,85,Gris,Gris,,Autre,Ville,0,Filet,Hypsignathus,monstrosus,Hypsignathus monstrosus,,,0,0,4,0,0,5,14,4,13,109,3,6,5,4,1,,,,,,,,,,,,,,,,,,,,,,,,,,,,,,,,,,
CCCA03638,28/03/2019,3/28/2019,2-Apr-19,Mars-Avril,Innocent,Cameroun,Yaounde,Mvog-Betsi,N,3.86308,,E,11.48729,,,Femelle,Juvénile,0,0,0,FemJuv,130,100,180,grands,0,70,Gris,Gris,,Autre,Ville,0,Filet,Hypsignathus,monstrosus,Hypsignathus monstrosus,,,0,0,0,0,0,0,1,5,0,4,0,5,5,1,5,,,,,,,,,,,,,,,,,,,,,,,,,,,,,,,,,,
CCCA03647,28/03/2019,3/28/2019,2-Apr-19,Mars-Avril,Innocent,Cameroun,Yaounde,Mvog-Betsi,N,3.86308,,E,11.48729,,,Femelle,Juvénile,0,0,0,FemJuv,115,100,165,grands,0,68,Gris,Gris,,Autre,Ville,0,Filet,Hypsignathus,monstrosus,Hypsignathus monstrosus,,,0,0,0,0,0,7,6,1,1,21,4,4,2,0,1,,,,,,,,,,,,,,,,,,,,,,,,,,,,,,,,,,
CCCA03654,28/03/2019,3/28/2019,2-Apr-19,Mars-Avril,Innocent,Cameroun,Yaounde,Mvog-Betsi,N,3.86308,,E,11.48729,,,Femelle,Juvénile,0,0,0,FemJuv,125,100,170,grands,0,68,Gris,Gris,,Autre,Ville,0,Filet,Hypsignathus,monstrosus,Hypsignathus monstrosus,,,0,0,0,0,0,16,10,1,1,23,3,13,2,195,0,,,,,,,,,,,,,,,,,,,,,,,,,,,,,,,,,,
CCCA03658,29/03/2019,3/29/2019,2-Apr-19,Mars-Avril,Innocent,Cameroun,Yaounde,Mvog-Betsi,N,3.86308,,E,11.48729,,,Femelle,Juvénile,0,0,0,FemJuv,110,96,-,grands,0,67,Gris,Gris,,Autre,Ville,0,Filet,Hypsignathus,monstrosus,Hypsignathus monstrosus,,,0,0,5,0,0,0,0,3,1,1,8,0,4,2,2,,,,,,,,,,,,,,,,,,,,,,,,,,,,,,,,,,
CCCA03659,29/03/2019,3/29/2019,2-Apr-19,Mars-Avril,Innocent,Cameroun,Yaounde,Mvog-Betsi,N,3.86308,,E,11.48729,,,Femelle,Juvénile,0,0,0,FemJuv,120,103,180,grands,0,70,Gris,Gris,,Autre,Ville,0,Filet,Hypsignathus,monstrosus,Hypsignathus monstrosus,,,0,0,1,0,0,13,10,5,5,66,2,9,1,1,2,,,,,,,,,,,,,,,,,,,,,,,,,,,,,,,,,,
CCCA03671,29/03/2019,3/29/2019,2-Apr-19,Mars-Avril,Innocent,Cameroun,Yaounde,Mvog-Betsi,N,3.86308,,E,11.48729,,,Male,Juvénile,,,,MalJuv,135,110,190,grands,0,72,Gris,Gris,,Autre,Ville,0,Filet,Hypsignathus,monstrosus,Hypsignathus monstrosus,,,0,0,0,0,0,5,1,0,0,0,4,5,1,1,0,,,,,,,,,,,,,,,,,,,,,,,,,,,,,,,,,,
CCCA03674,1/3/2019,3/1/2019,2-Apr-19,Mars-Avril,Innocent,Cameroun,Yaounde,Mvog-Betsi,N,3.86308,,E,11.48729,,,Femelle,Juvénile,0,0,0,FemJuv,120,101,180,grands,0,70,Gris,Gris,,Autre,Ville,0,Filet,Hypsignathus,monstrosus,Hypsignathus monstrosus,,,0,0,0,0,0,4,4,1,1,31,4,3,3,1,2,,,,,,,,,,,,,,,,,,,,,,,,,,,,,,,,,,
CCCA03681,1/4/2019,4/1/2019,2-Apr-19,Mars-Avril,Innocent,Cameroun,Yaounde,Mvog-Betsi,N,3.86308,,E,11.48729,,,Male,Juvénile,,,,MalJuv,120,113,190,grands,0,73,Gris,Gris,,Autre,Ville,0,Filet,Hypsignathus,monstrosus,Hypsignathus monstrosus,,,0,0,1,0,0,125,116,2,0,382,9,90,3,5,0,,,,,,,,,,,,,,,,,,,,,,,,,,,,,,,,,,
CCCA03694,1/4/2019,4/1/2019,2-Apr-19,Mars-Avril,Innocent,Cameroun,Yaounde,Mvog-Betsi,N,3.86308,,E,11.48729,,,Femelle,Juvénile,0,0,0,FemJuv,150,106,195,grands,0,72,Gris,Gris,,Autre,Ville,0,Filet,Hypsignathus,monstrosus,Hypsignathus monstrosus,,,0,0,0,0,0,1,0,7,7,3,35,0,5,1,2,,,,,,,,,,,,,,,,,,,,,,,,,,,,,,,,,,
CCCA03697,2/4/2019,4/2/2019,2-Apr-19,Mars-Avril,Innocent,Cameroun,Yaounde,Mvog-Betsi,N,3.86308,,E,11.48729,,,Femelle,Juvénile,0,0,0,FemJuv,125,105,190,grands,0,74,Gris,Gris,,Autre,Ville,0,Filet,Hypsignathus,monstrosus,Hypsignathus monstrosus,,,0,0,69,0,0,6,6,8,1,22,37,5,15,31,1,,,,,,,,,,,,,,,,,,,,,,,,,,,,,,,,,,
CCCA03711,2/4/2019,4/2/2019,2-Apr-19,Mars-Avril,Innocent,Cameroun,Yaounde,Mvog-Betsi,N,3.86308,,E,11.48729,,,Male,Juvénile,,,,MalJuv,125,101,185,grands,0,66,Gris,Gris,,Autre,Ville,0,Filet,Hypsignathus,monstrosus,Hypsignathus monstrosus,,,0,0,2,0,0,3,4,5,1,46,5,4,3,0,1,,,,,,,,,,,,,,,,,,,,,,,,,,,,,,,,,,
CCCA03712,2/4/2019,4/2/2019,2-Apr-19,Mars-Avril,Innocent,Cameroun,Yaounde,Mvog-Betsi,N,3.86308,,E,11.48729,,,Male,Juvénile,,,,MalJuv,145,113,205,grands,0,77,Gris,Gris,,Autre,Ville,0,Filet,Hypsignathus,monstrosus,Hypsignathus monstrosus,,,0,0,0,0,0,0,0,0,0,7,3,1,0,0,5,,,,,,,,,,,,,,,,,,,,,,,,,,,,,,,,,,
CCCA03717,2/4/2019,4/2/2019,2-Apr-19,Mars-Avril,Innocent,Cameroun,Yaounde,Mvog-Betsi,N,3.86308,,E,11.48729,,,Femelle,Juvénile,0,0,0,FemJuv,120,117,185,grands,0,75,Gris,Gris,,Autre,Ville,0,Filet,Hypsignathus,monstrosus,Hypsignathus monstrosus,,,0,0,0,0,0,5,5,2,0,0,2,0,1,2,0,,,,,,,,,,,,,,,,,,,,,,,,,,,,,,,,,,
