ID,Dat_EC,Site Region,Site Precis,Age,Gestante,Lactation,Res1GP-ZEBVkiss,Juvinile
CCCA03677,2019-03-01,Yaounde,Mvog-Betsi,A,0,1,0,0
CCCA03678,2019-03-01,Yaounde,Mvog-Betsi,A,0,1,1,0
CCCA03625,2019-03-28,Yaounde,Mvog-Betsi,A,0,1,0,0
CCCA03627,2019-03-28,Yaounde,Mvog-Betsi,A,0,1,0,0
CCCA03630,2019-03-28,Yaounde,Mvog-Betsi,A,0,1,0,0
CCCA03631,2019-03-28,Yaounde,Mvog-Betsi,A,0,1,0,0
CCCA03635,2019-03-28,Yaounde,Mvog-Betsi,A,0,1,0,0
CCCA03637,2019-03-28,Yaounde,Mvog-Betsi,A,0,1,1,0
CCCA03640,2019-03-28,Yaounde,Mvog-Betsi,A,0,1,1,0
CCCA03642,2019-03-28,Yaounde,Mvog-Betsi,A,0,1,0,0
CCCA03644,2019-03-28,Yaounde,Mvog-Betsi,A,0,1,0,0
CCCA03645,2019-03-28,Yaounde,Mvog-Betsi,A,0,1,0,0
CCCA03646,2019-03-28,Yaounde,Mvog-Betsi,A,0,1,0,0
CCCA03648,2019-03-28,Yaounde,Mvog-Betsi,A,0,1,0,0
CCCA03650,2019-03-28,Yaounde,Mvog-Betsi,A,0,1,0,0
CCCA03651,2019-03-28,Yaounde,Mvog-Betsi,A,0,1,0,0
CCCA03652,2019-03-28,Yaounde,Mvog-Betsi,A,0,1,0,0
CCCA03655,2019-03-29,Yaounde,Mvog-Betsi,A,0,1,0,0
CCCA03657,2019-03-29,Yaounde,Mvog-Betsi,A,0,1,0,0
CCCA03660,2019-03-29,Yaounde,Mvog-Betsi,A,0,1,0,0
CCCA03662,2019-03-29,Yaounde,Mvog-Betsi,A,0,1,0,0
CCCA03663,2019-03-29,Yaounde,Mvog-Betsi,A,0,1,1,0
CCCA03666,2019-03-29,Yaounde,Mvog-Betsi,A,0,1,0,0
CCCA03667,2019-03-29,Yaounde,Mvog-Betsi,A,0,1,0,0
CCCA03668,2019-03-29,Yaounde,Mvog-Betsi,A,0,1,0,0
CCCA03669,2019-03-29,Yaounde,Mvog-Betsi,A,0,1,0,0
CCCA03670,2019-03-29,Yaounde,Mvog-Betsi,A,0,1,0,0
CCCA03672,2019-03-29,Yaounde,Mvog-Betsi,A,0,1,0,0
CCCA03675,2019-04-01,Yaounde,Mvog-Betsi,A,0,1,1,0
CCCA03676,2019-04-01,Yaounde,Mvog-Betsi,A,0,1,0,0
CCCA03680,2019-04-01,Yaounde,Mvog-Betsi,A,0,1,0,0
CCCA03685,2019-04-01,Yaounde,Mvog-Betsi,A,0,1,1,0
CCCA03687,2019-04-01,Yaounde,Mvog-Betsi,A,0,1,0,0
CCCA03688,2019-04-01,Yaounde,Mvog-Betsi,A,0,1,0,0
CCCA03690,2019-04-01,Yaounde,Mvog-Betsi,A,0,1,0,0
CCCA03692,2019-04-01,Yaounde,Mvog-Betsi,A,0,1,0,0
CCCA03695,2019-04-02,Yaounde,Mvog-Betsi,A,0,1,0,0
CCCA03696,2019-04-02,Yaounde,Mvog-Betsi,A,0,1,0,0
CCCA03698,2019-04-02,Yaounde,Mvog-Betsi,A,0,1,1,0
CCCA03703,2019-04-02,Yaounde,Mvog-Betsi,A,0,1,0,0
CCCA03706,2019-04-02,Yaounde,Mvog-Betsi,A,0,1,0,0
CCCA03707,2019-04-02,Yaounde,Mvog-Betsi,A,0,1,0,0
CCCA03713,2019-04-02,Yaounde,Mvog-Betsi,A,0,1,0,0
CCCA03716,2019-04-02,Yaounde,Mvog-Betsi,A,0,1,0,0
CCCA03719,2019-04-02,Yaounde,Mvog-Betsi,A,0,1,1,0
CCCA03747,2019-04-05,Obala,Mfomakap,A,0,1,1,0
CCCA03767,2019-05-03,YaoundÃ©,Mvog-Betsi,A,0,1,0,0
CCCA03780,2019-05-03,YaoundÃ©,Mvog-Betsi,A,0,1,0,0
CCCA03785,2019-05-03,YaoundÃ©,Mvog-Betsi,A,0,1,0,0
CCCA03787,2019-05-03,YaoundÃ©,Mvog-Betsi,A,0,1,0,0
CCCA03800,2019-05-04,YaoundÃ©,Mvog-Betsi,A,0,1,1,0
CCCA03816,2019-05-04,YaoundÃ©,Mvog-Betsi,A,0,1,0,0
CCCA03818,2019-05-04,YaoundÃ©,Mvog-Betsi,A,0,1,1,0
CCCA03819,2019-05-04,YaoundÃ©,Mvog-Betsi,A,0,1,1,0
CCCA03820,2019-05-04,YaoundÃ©,Mvog-Betsi,A,0,1,0,0
CCCA03830,2019-05-06,YaoundÃ©,Mvog-Betsi,A,0,1,0,0
CCCA03853,2019-05-07,YaoundÃ©,Mvog-Betsi,A,0,1,0,0
CCCA03854,2019-05-07,YaoundÃ©,Mvog-Betsi,A,0,1,0,0
CCCA03876,2019-05-09,YaoundÃ©,Mvog-Betsi,A,0,1,0,0
CCCA03884,2019-05-09,YaoundÃ©,Mvog-Betsi,A,0,1,0,0
CCCA03885,2019-05-09,YaoundÃ©,Mvog-Betsi,A,0,1,0,0
CCCA03894,2019-05-10,YaoundÃ©,Mvog-Betsi,A,0,1,0,0
CCCA03896,2019-05-10,YaoundÃ©,Mvog-Betsi,A,0,1,0,0
CCCA03904,2019-05-10,YaoundÃ©,Mvog-Betsi,A,0,1,0,0
CCCA03917,2019-05-11,YaoundÃ©,Mvog-Betsi,A,0,1,1,0
CCCA03918,2019-05-11,YaoundÃ©,Mvog-Betsi,A,0,1,0,0
CCCA03368,2018-12-06,Yaounde,Mvog-Betsi,A,0,0,1,0
CCCA03399,2018-12-10,Yaounde,Mvog-Betsi,A,0,0,1,0
CCCA03400,2018-12-10,Yaounde,Mvog-Betsi,A,0,0,1,0
CCCA03401,2018-12-10,Yaounde,Mvog-Betsi,A,0,0,0,0
CCCA03418,2018-12-11,Yaounde,Mvog-Betsi,A,0,0,0,0
CCCA03420,2018-12-11,Yaounde,Mvog-Betsi,A,0,0,0,0
CCCA03421,2018-12-11,Yaounde,Mvog-Betsi,A,0,0,1,0
CCCA03422,2018-12-11,Yaounde,Mvog-Betsi,A,0,0,1,0
CCCA03633,2019-03-28,Yaounde,Mvog-Betsi,A,0,0,0,0
CCCA03641,2019-03-28,Yaounde,Mvog-Betsi,A,0,0,0,0
CCCA03665,2019-03-29,Yaounde,Mvog-Betsi,A,0,0,1,0
CCCA03700,2019-04-02,Yaounde,Mvog-Betsi,A,0,0,1,0
CCCA03701,2019-04-02,Yaounde,Mvog-Betsi,A,0,0,0,0
CCCA03715,2019-04-02,Yaounde,Mvog-Betsi,A,0,0,0,0
CCCA03749,2019-04-05,Obala,Mfomakap,A,0,0,0,0
CCCA03751,2019-04-05,Obala,Mfomakap,A,0,0,1,0
CCCA03768,2019-05-03,YaoundÃ©,Mvog-Betsi,A,0,0,1,0
CCCA03809,2019-05-04,YaoundÃ©,Mvog-Betsi,A,0,0,1,0
CCCA03813,2019-05-04,YaoundÃ©,Mvog-Betsi,A,0,0,0,0
CCCA03827,2019-05-04,YaoundÃ©,Mvog-Betsi,A,0,0,1,0
CCCA03855,2019-05-07,YaoundÃ©,Mvog-Betsi,A,0,0,1,0
CCCA03901,2019-05-10,YaoundÃ©,Mvog-Betsi,A,0,0,1,0
CCCA04001,2019-06-18,YaoundÃ©,Mvog-Betsi,A,0,0,1,0
CCCA04006,2019-06-19,Obala,Mfomakap,A,0,0,1,0
CCCA04025,2019-06-20,Obala,Mfomakap,A,0,0,1,0
CCCA04040,2019-07-13,YaoundÃ©,Mvog-Betsi,A,0,0,1,0
CCCA04061,2019-07-15,YaoundÃ©,Mvog-Betsi,A,0,0,1,0
CCCA04072,2019-07-16,YaoundÃ©,Mvog-Betsi,A,0,0,0,0
CCCA04075,2019-07-16,YaoundÃ©,Mvog-Betsi,A,0,0,0,0
CCCA04082,2019-07-16,YaoundÃ©,Mvog-Betsi,A,0,0,1,0
CCCA04087,2019-07-16,YaoundÃ©,Mvog-Betsi,A,0,0,0,0
CCCA04095,2019-07-16,YaoundÃ©,Mvog-Betsi,A,0,0,1,0
CCCA04096,2019-07-17,YaoundÃ©,Mvog-Betsi,A,0,0,0,0
CCCA04113,2019-07-17,YaoundÃ©,Mvog-Betsi,A,0,0,1,0
CCCA04119,2019-07-18,YaoundÃ©,Mvog-Betsi,A,0,0,0,0
CCCA04151,2019-07-20,Obala,Mfomakap,A,0,0,1,0
CCCA04159,2019-07-20,Obala,Mfomakap,A,0,0,0,0
CCCA04169,2019-07-21,Obala,Mfomakap,A,0,0,1,0
CCCA04176,2019-07-21,Obala,Mfomakap,A,0,0,0,0
CCCA04177,2019-07-21,Obala,Mfomakap,A,0,0,0,0
CCCA04178,2019-07-21,Obala,Mfomakap,A,0,0,0,0
CCCA04209,2019-09-17,YaoundÃ©,Mvog-Betsi,A,0,0,1,0
CCCA04333,2019-10-11,YaoundÃ©,Mvog-Betsi,A,0,0,0,0
CCCA04271,2019-10-22,Obala,Mfomakap,A,0,0,1,0
CCCA04373,2019-10-31,YaoundÃ©,Mvog-Betsi,A,0,0,0,0
CCCA04383,2019-11-04,Obala,Mfomakap,A,0,0,1,0
CCCA04404,2019-11-04,Obala,Mfomakap,A,0,0,0,0
CCCA04429,2019-11-06,Obala,Mfomakap,A,0,0,1,0
CCCA04441,2019-11-22,YaoundÃ©,Mvog-Betsi,A,0,0,1,0
CCCA04470,2019-11-26,YaoundÃ©,Mvog-Betsi,A,0,0,1,0
CCCA04477,2019-11-27,YaoundÃ©,Mvog-Betsi,A,0,0,1,0
CCCA04512,2019-11-29,Obala,Mfomakap,A,0,0,0,0
CCCA04495,2019-11-29,Obala,Mfomakap,A,1,0,1,0
CCCA04497,2019-11-29,Obala,Mfomakap,A,1,0,0,0
CCCA04510,2019-11-29,Obala,Mfomakap,A,1,0,0,0
CCCA04528,2019-11-30,Obala,Mfomakap,A,1,0,0,0
CCCA04537,2019-11-30,Obala,Mfomakap,A,1,0,0,0
CCCA04543,2019-11-30,Obala,Mfomakap,A,1,0,1,0
CCCA03639,2019-03-28,Yaounde,Mvog-Betsi,A,,0,0,0
CCCA04250,2019-09-21,Obala,Mfomakap,A,,0,0,0
CCCA04256,2019-09-21,Obala,Mfomakap,A,,0,1,0
CCCA04295,2019-10-09,YaoundÃ©,Mvog-Betsi,A,,0,1,0
CCCA04334,2019-10-11,YaoundÃ©,Mvog-Betsi,A,,0,0,0
CCCA04336,2019-10-11,YaoundÃ©,Mvog-Betsi,A,,0,0,0
CCCA04269,2019-10-22,Obala,Mfomakap,A,,0,1,0
CCCA04273,2019-10-22,Obala,Mfomakap,A,,0,1,0
CCCA04281,2019-10-22,Obala,Mfomakap,A,,0,0,0
CCCA04284,2019-10-22,Obala,Mfomakap,A,,0,0,0
CCCA04384,2019-11-04,Obala,Mfomakap,A,,0,0,0
CCCA04388,2019-11-04,Obala,Mfomakap,A,,0,0,0
CCCA04389,2019-11-04,Obala,Mfomakap,A,,0,0,0
CCCA04403,2019-11-04,Obala,Mfomakap,A,,0,1,0
CCCA04407,2019-11-04,Obala,Mfomakap,A,,0,0,0
CCCA04418,2019-11-05,Obala,Mfomakap,A,,0,0,0
CCCA04432,2019-11-06,Obala,Mfomakap,A,,0,0,0
CCCA04434,2019-11-06,Obala,Mfomakap,A,,0,1,0
CCCA04437,2019-11-22,YaoundÃ©,Mvog-Betsi,A,,0,1,0
CCCA04501,2019-11-29,Obala,Mfomakap,A,,0,0,0
CCCA04530,2019-11-30,Obala,Mfomakap,A,,0,0,0
CCCA04345,2019-10-14,YaoundÃ©,Mvog-Betsi,A,0,,0,0
CCCA03348,2018-12-05,Yaounde,Mvog-Betsi,A,,,1,0
CCCA03359,2018-12-05,Yaounde,Mvog-Betsi,A,,,0,0
CCCA03367,2018-12-06,Yaounde,Mvog-Betsi,A,,,0,0
CCCA03397,2018-12-10,Yaounde,Mvog-Betsi,A,,,0,0
CCCA03404,2018-12-10,Yaounde,Mvog-Betsi,A,,,0,0
CCCA03405,2018-12-10,Yaounde,Mvog-Betsi,A,,,1,0
CCCA03628,2019-03-28,Yaounde,Mvog-Betsi,A,,,0,0
CCCA03661,2019-03-29,Yaounde,Mvog-Betsi,A,,,1,0
CCCA03664,2019-03-29,Yaounde,Mvog-Betsi,A,,,0,0
CCCA03683,2019-04-01,Yaounde,Mvog-Betsi,A,,,0,0
CCCA03684,2019-04-01,Yaounde,Mvog-Betsi,A,,,1,0
CCCA03686,2019-04-01,Yaounde,Mvog-Betsi,A,,,0,0
CCCA03704,2019-04-02,Yaounde,Mvog-Betsi,A,,,1,0
CCCA03705,2019-04-02,Yaounde,Mvog-Betsi,A,,,1,0
CCCA03714,2019-04-02,Yaounde,Mvog-Betsi,A,,,1,0
CCCA03718,2019-04-02,Yaounde,Mvog-Betsi,A,,,0,0
CCCA03722,2019-04-04,Obala,Mfomakap,A,,,0,0
CCCA03726,2019-04-04,Obala,Mfomakap,A,,,1,0
CCCA03732,2019-04-04,Obala,Mfomakap,A,,,0,0
CCCA03737,2019-04-04,Obala,Mfomakap,A,,,1,0
CCCA03740,2019-04-05,Obala,Mfomakap,A,,,1,0
CCCA03743,2019-04-05,Obala,Mfomakap,A,,,1,0
CCCA03748,2019-04-05,Obala,Mfomakap,A,,,1,0
CCCA03755,2019-04-05,Obala,Mfomakap,A,,,1,0
CCCA03756,2019-04-05,Obala,Mfomakap,A,,,1,0
CCCA03799,2019-05-04,YaoundÃ©,Mvog-Betsi,A,,,0,0
CCCA03848,2019-05-07,YaoundÃ©,Mvog-Betsi,A,,,0,0
CCCA03852,2019-05-07,YaoundÃ©,Mvog-Betsi,A,,,0,0
CCCA03863,2019-05-07,YaoundÃ©,Mvog-Betsi,A,,,1,0
CCCA03892,2019-05-10,YaoundÃ©,Mvog-Betsi,A,,,0,0
CCCA03945,2019-06-12,YaoundÃ©,Mvog-Betsi,A,,,0,0
CCCA03984,2019-06-15,YaoundÃ©,Mvog-Betsi,A,,,0,0
CCCA03986,2019-06-17,YaoundÃ©,Mvog-Betsi,A,,,1,0
CCCA03997,2019-06-18,YaoundÃ©,Mvog-Betsi,A,,,0,0
CCCA04004,2019-06-19,Obala,Mfomakap,A,,,1,0
CCCA04026,2019-06-20,Obala,Mfomakap,A,,,1,0
CCCA04027,2019-06-20,Obala,Mfomakap,A,,,0,0
CCCA04063,2019-07-15,YaoundÃ©,Mvog-Betsi,A,,,1,0
CCCA04069,2019-07-16,YaoundÃ©,Mvog-Betsi,A,,,0,0
CCCA04070,2019-07-16,YaoundÃ©,Mvog-Betsi,A,,,1,0
CCCA04071,2019-07-16,YaoundÃ©,Mvog-Betsi,A,,,0,0
CCCA04080,2019-07-16,YaoundÃ©,Mvog-Betsi,A,,,0,0
CCCA04084,2019-07-16,YaoundÃ©,Mvog-Betsi,A,,,0,0
CCCA04097,2019-07-17,YaoundÃ©,Mvog-Betsi,A,,,0,0
CCCA04098,2019-07-17,YaoundÃ©,Mvog-Betsi,A,,,0,0
CCCA04099,2019-07-17,YaoundÃ©,Mvog-Betsi,A,,,0,0
CCCA04104,2019-07-17,YaoundÃ©,Mvog-Betsi,A,,,1,0
CCCA04107,2019-07-17,YaoundÃ©,Mvog-Betsi,A,,,0,0
CCCA04112,2019-07-17,YaoundÃ©,Mvog-Betsi,A,,,0,0
CCCA04115,2019-07-17,YaoundÃ©,Mvog-Betsi,A,,,0,0
CCCA04116,2019-07-17,YaoundÃ©,Mvog-Betsi,A,,,0,0
CCCA04140,2019-07-18,YaoundÃ©,Mvog-Betsi,A,,,1,0
CCCA04142,2019-07-18,YaoundÃ©,Mvog-Betsi,A,,,0,0
CCCA04147,2019-07-18,YaoundÃ©,Mvog-Betsi,A,,,0,0
CCCA04148,2019-07-18,YaoundÃ©,Mvog-Betsi,A,,,0,0
CCCA04152,2019-07-20,Obala,Mfomakap,A,,,0,0
CCCA04153,2019-07-20,Obala,Mfomakap,A,,,0,0
CCCA04156,2019-07-20,Obala,Mfomakap,A,,,0,0
CCCA04175,2019-07-21,Obala,Mfomakap,A,,,0,0
CCCA04191,2019-09-14,YaoundÃ©,Mvog-Betsi,A,,,1,0
CCCA04201,2019-09-16,YaoundÃ©,Mvog-Betsi,A,,,0,0
CCCA04202,2019-09-17,YaoundÃ©,Mvog-Betsi,A,,,1,0
CCCA04220,2019-09-17,YaoundÃ©,Mvog-Betsi,A,,,1,0
CCCA04230,2019-09-20,YaoundÃ©,Mvog-Betsi,A,,,1,0
CCCA04251,2019-09-21,Obala,Mfomakap,A,,,1,0
CCCA04253,2019-09-21,Obala,Mfomakap,A,,,1,0
CCCA04254,2019-09-21,Obala,Mfomakap,A,,,0,0
CCCA04255,2019-09-21,Obala,Mfomakap,A,,,1,0
CCCA04258,2019-09-21,Obala,Mfomakap,A,,,1,0
CCCA04263,2019-09-21,Obala,Mfomakap,A,,,1,0
CCCA04290,2019-10-09,YaoundÃ©,Mvog-Betsi,A,,,1,0
CCCA04300,2019-10-09,YaoundÃ©,Mvog-Betsi,A,,,1,0
CCCA04306,2019-10-09,YaoundÃ©,Mvog-Betsi,A,,,1,0
CCCA04307,2019-10-09,YaoundÃ©,Mvog-Betsi,A,,,1,0
CCCA04311,2019-10-10,YaoundÃ©,Mvog-Betsi,A,,,1,0
CCCA04313,2019-10-10,YaoundÃ©,Mvog-Betsi,A,,,1,0
CCCA04318,2019-10-10,YaoundÃ©,Mvog-Betsi,A,,,0,0
CCCA04320,2019-10-10,YaoundÃ©,Mvog-Betsi,A,,,1,0
CCCA04323,2019-10-11,YaoundÃ©,Mvog-Betsi,A,,,0,0
CCCA04327,2019-10-11,YaoundÃ©,Mvog-Betsi,A,,,1,0
CCCA04332,2019-10-11,YaoundÃ©,Mvog-Betsi,A,,,0,0
CCCA04335,2019-10-11,YaoundÃ©,Mvog-Betsi,A,,,1,0
CCCA04343,2019-10-14,YaoundÃ©,Mvog-Betsi,A,,,0,0
CCCA04268,2019-10-22,Obala,Mfomakap,A,,,0,0
CCCA04272,2019-10-22,Obala,Mfomakap,A,,,0,0
CCCA04275,2019-10-22,Obala,Mfomakap,A,,,1,0
CCCA04276,2019-10-22,Obala,Mfomakap,A,,,1,0
CCCA04282,2019-10-22,Obala,Mfomakap,A,,,1,0
CCCA04361,2019-10-29,YaoundÃ©,Mvog-Betsi,A,,,0,0
CCCA04369,2019-10-31,YaoundÃ©,Mvog-Betsi,A,,,0,0
CCCA04385,2019-11-04,Obala,Mfomakap,A,,,0,0
CCCA04387,2019-11-04,Obala,Mfomakap,A,,,0,0
CCCA04393,2019-11-04,Obala,Mfomakap,A,,,0,0
CCCA04394,2019-11-04,Obala,Mfomakap,A,,,1,0
CCCA04395,2019-11-04,Obala,Mfomakap,A,,,0,0
CCCA04402,2019-11-04,Obala,Mfomakap,A,,,1,0
CCCA04410,2019-11-05,Obala,Mfomakap,A,,,0,0
CCCA04411,2019-11-05,Obala,Mfomakap,A,,,0,0
CCCA04416,2019-11-05,Obala,Mfomakap,A,,,1,0
CCCA04417,2019-11-05,Obala,Mfomakap,A,,,0,0
CCCA04428,2019-11-06,Obala,Mfomakap,A,,,0,0
CCCA04430,2019-11-06,Obala,Mfomakap,A,,,0,0
CCCA04435,2019-11-06,Obala,Mfomakap,A,,,1,0
CCCA04444,2019-11-22,YaoundÃ©,Mvog-Betsi,A,,,1,0
CCCA04450,2019-11-22,YaoundÃ©,Mvog-Betsi,A,,,1,0
CCCA04459,2019-11-23,YaoundÃ©,Mvog-Betsi,A,,,1,0
CCCA04503,2019-11-29,Obala,Mfomakap,A,,,1,0
CCCA04507,2019-11-29,Obala,Mfomakap,A,,,0,0
CCCA04509,2019-11-29,Obala,Mfomakap,A,,,1,0
CCCA04516,2019-11-29,Obala,Mfomakap,A,,,0,0
CCCA04522,2019-11-29,Obala,Mfomakap,A,,,0,0
CCCA04524,2019-11-30,Obala,Mfomakap,A,,,0,0
CCCA04531,2019-11-30,Obala,Mfomakap,A,,,0,0
CCCA04533,2019-11-30,Obala,Mfomakap,A,,,0,0
CCCA04534,2019-11-30,Obala,Mfomakap,A,,,0,0
CCCA04536,2019-11-30,Obala,Mfomakap,A,,,1,0
CCCA04545,2019-11-30,Obala,Mfomakap,A,,,0,0
CCCA04508,2019-11-29,Obala,Mfomakap,AI,0,1,1,0
CCCA03413,2018-12-11,Yaounde,Mvog-Betsi,AI,0,0,0,0
CCCA03419,2018-12-11,Yaounde,Mvog-Betsi,AI,0,0,0,0
CCCA04041,2019-07-13,YaoundÃ©,Mvog-Betsi,AI,0,0,0,0
CCCA04042,2019-07-13,YaoundÃ©,Mvog-Betsi,AI,0,0,0,0
CCCA04043,2019-07-13,YaoundÃ©,Mvog-Betsi,AI,0,0,0,0
CCCA04044,2019-07-13,YaoundÃ©,Mvog-Betsi,AI,0,0,0,0
CCCA04045,2019-07-13,YaoundÃ©,Mvog-Betsi,AI,0,0,0,0
CCCA04047,2019-07-13,YaoundÃ©,Mvog-Betsi,AI,0,0,0,0
CCCA04048,2019-07-13,YaoundÃ©,Mvog-Betsi,AI,0,0,0,0
CCCA04049,2019-07-13,YaoundÃ©,Mvog-Betsi,AI,0,0,0,0
CCCA04050,2019-07-13,YaoundÃ©,Mvog-Betsi,AI,0,0,1,0
CCCA04054,2019-07-13,YaoundÃ©,Mvog-Betsi,AI,0,0,1,0
CCCA04059,2019-07-15,YaoundÃ©,Mvog-Betsi,AI,0,0,0,0
CCCA04060,2019-07-15,YaoundÃ©,Mvog-Betsi,AI,0,0,0,0
CCCA04065,2019-07-15,YaoundÃ©,Mvog-Betsi,AI,0,0,1,0
CCCA04068,2019-07-16,YaoundÃ©,Mvog-Betsi,AI,0,0,0,0
CCCA04073,2019-07-16,YaoundÃ©,Mvog-Betsi,AI,0,0,0,0
CCCA04077,2019-07-16,YaoundÃ©,Mvog-Betsi,AI,0,0,0,0
CCCA04090,2019-07-16,YaoundÃ©,Mvog-Betsi,AI,0,0,0,0
CCCA04092,2019-07-16,YaoundÃ©,Mvog-Betsi,AI,0,0,0,0
CCCA04094,2019-07-16,YaoundÃ©,Mvog-Betsi,AI,0,0,0,0
CCCA04101,2019-07-17,YaoundÃ©,Mvog-Betsi,AI,0,0,0,0
CCCA04102,2019-07-17,YaoundÃ©,Mvog-Betsi,AI,0,0,0,0
CCCA04108,2019-07-17,YaoundÃ©,Mvog-Betsi,AI,0,0,0,0
CCCA04109,2019-07-17,YaoundÃ©,Mvog-Betsi,AI,0,0,0,0
CCCA04110,2019-07-17,YaoundÃ©,Mvog-Betsi,AI,0,0,0,0
CCCA04120,2019-07-18,YaoundÃ©,Mvog-Betsi,AI,0,0,0,0
CCCA04123,2019-07-18,YaoundÃ©,Mvog-Betsi,AI,0,0,0,0
CCCA04125,2019-07-18,YaoundÃ©,Mvog-Betsi,AI,0,0,0,0
CCCA04127,2019-07-18,YaoundÃ©,Mvog-Betsi,AI,0,0,0,0
CCCA04130,2019-07-18,YaoundÃ©,Mvog-Betsi,AI,0,0,1,0
CCCA04131,2019-07-18,YaoundÃ©,Mvog-Betsi,AI,0,0,1,0
CCCA04133,2019-07-18,YaoundÃ©,Mvog-Betsi,AI,0,0,1,0
CCCA04134,2019-07-18,YaoundÃ©,Mvog-Betsi,AI,0,0,0,0
CCCA04136,2019-07-18,YaoundÃ©,Mvog-Betsi,AI,0,0,0,0
CCCA04143,2019-07-18,YaoundÃ©,Mvog-Betsi,AI,0,0,0,0
CCCA04144,2019-07-18,YaoundÃ©,Mvog-Betsi,AI,0,0,0,0
CCCA04145,2019-07-18,YaoundÃ©,Mvog-Betsi,AI,0,0,0,0
CCCA04161,2019-07-20,Obala,Mfomakap,AI,0,0,0,0
CCCA04162,2019-07-20,Obala,Mfomakap,AI,0,0,1,0
CCCA04168,2019-07-20,Obala,Mfomakap,AI,0,0,0,0
CCCA04172,2019-07-21,Obala,Mfomakap,AI,0,0,0,0
CCCA04174,2019-07-21,Obala,Mfomakap,AI,0,0,0,0
CCCA04181,2019-09-14,YaoundÃ©,Mvog-Betsi,AI,0,0,0,0
CCCA04188,2019-09-14,YaoundÃ©,Mvog-Betsi,AI,0,0,1,0
CCCA04192,2019-09-14,YaoundÃ©,Mvog-Betsi,AI,0,0,1,0
CCCA04193,2019-09-14,YaoundÃ©,Mvog-Betsi,AI,0,0,0,0
CCCA04207,2019-09-17,YaoundÃ©,Mvog-Betsi,AI,0,0,1,0
CCCA04212,2019-09-17,YaoundÃ©,Mvog-Betsi,AI,0,0,1,0
CCCA04218,2019-09-17,YaoundÃ©,Mvog-Betsi,AI,0,0,1,0
CCCA04231,2019-09-20,YaoundÃ©,Mvog-Betsi,AI,0,0,1,0
CCCA04232,2019-09-20,YaoundÃ©,Mvog-Betsi,AI,0,0,1,0
CCCA04244,2019-09-21,Obala,Mfomakap,AI,0,0,1,0
CCCA04257,2019-09-21,Obala,Mfomakap,AI,0,0,0,0
CCCA04286,2019-10-02,Obala,Mfomakap,AI,0,0,1,0
CCCA04297,2019-10-09,YaoundÃ©,Mvog-Betsi,AI,0,0,1,0
CCCA04298,2019-10-09,YaoundÃ©,Mvog-Betsi,AI,0,0,1,0
CCCA04299,2019-10-09,YaoundÃ©,Mvog-Betsi,AI,0,0,1,0
CCCA04303,2019-10-09,YaoundÃ©,Mvog-Betsi,AI,0,0,1,0
CCCA04317,2019-10-10,YaoundÃ©,Mvog-Betsi,AI,0,0,1,0
CCCA04322,2019-10-10,YaoundÃ©,Mvog-Betsi,AI,0,0,1,0
CCCA04325,2019-10-11,YaoundÃ©,Mvog-Betsi,AI,0,0,0,0
CCCA04326,2019-10-11,YaoundÃ©,Mvog-Betsi,AI,0,0,0,0
CCCA04328,2019-10-11,YaoundÃ©,Mvog-Betsi,AI,0,0,1,0
CCCA04241,2019-10-14,Obala,Mfomakap,AI,0,0,1,0
CCCA04342,2019-10-14,YaoundÃ©,Mvog-Betsi,AI,0,0,0,0
CCCA04274,2019-10-22,Obala,Mfomakap,AI,0,0,0,0
CCCA04283,2019-10-22,Obala,Mfomakap,AI,0,0,1,0
CCCA04371,2019-10-31,YaoundÃ©,Mvog-Betsi,AI,0,0,0,0
CCCA04372,2019-10-31,YaoundÃ©,Mvog-Betsi,AI,0,0,0,0
CCCA04376,2019-11-01,YaoundÃ©,Mvog-Betsi,AI,0,0,1,0
CCCA04377,2019-11-01,YaoundÃ©,Mvog-Betsi,AI,0,0,1,0
CCCA04378,2019-11-01,YaoundÃ©,Mvog-Betsi,AI,0,0,1,0
CCCA04380,2019-11-01,YaoundÃ©,Mvog-Betsi,AI,0,0,0,0
CCCA04431,2019-11-06,Obala,Mfomakap,AI,0,0,1,0
CCCA04436,2019-11-06,Obala,Mfomakap,AI,0,0,1,0
CCCA04446,2019-11-22,YaoundÃ©,Mvog-Betsi,AI,0,0,1,0
CCCA04447,2019-11-22,YaoundÃ©,Mvog-Betsi,AI,0,0,1,0
CCCA04451,2019-11-22,YaoundÃ©,Mvog-Betsi,AI,0,0,1,0
CCCA04453,2019-11-22,YaoundÃ©,Mvog-Betsi,AI,0,0,1,0
CCCA04455,2019-11-22,YaoundÃ©,Mvog-Betsi,AI,0,0,1,0
CCCA04456,2019-11-23,YaoundÃ©,Mvog-Betsi,AI,0,0,1,0
CCCA04462,2019-11-23,YaoundÃ©,Mvog-Betsi,AI,0,0,1,0
CCCA04463,2019-11-23,YaoundÃ©,Mvog-Betsi,AI,0,0,1,0
CCCA04465,2019-11-23,YaoundÃ©,Mvog-Betsi,AI,0,0,1,0
CCCA04468,2019-11-25,YaoundÃ©,Mvog-Betsi,AI,0,0,1,0
CCCA04475,2019-11-27,YaoundÃ©,Mvog-Betsi,AI,0,0,1,0
CCCA04483,2019-11-27,YaoundÃ©,Mvog-Betsi,AI,0,0,1,0
CCCA04490,2019-11-29,Obala,Mfomakap,AI,0,0,1,0
CCCA04491,2019-11-29,Obala,Mfomakap,AI,0,0,0,0
CCCA04492,2019-11-29,Obala,Mfomakap,AI,0,0,0,0
CCCA04500,2019-11-29,Obala,Mfomakap,AI,0,0,1,0
CCCA04504,2019-11-29,Obala,Mfomakap,AI,0,0,1,0
CCCA04506,2019-11-29,Obala,Mfomakap,AI,0,0,0,0
CCCA04513,2019-11-29,Obala,Mfomakap,AI,0,0,0,0
CCCA04517,2019-11-29,Obala,Mfomakap,AI,0,0,1,0
CCCA04527,2019-11-30,Obala,Mfomakap,AI,0,0,1,0
CCCA04532,2019-11-30,Obala,Mfomakap,AI,0,0,1,0
CCCA04539,2019-11-30,Obala,Mfomakap,AI,0,0,1,0
CCCA04542,2019-11-30,Obala,Mfomakap,AI,1,0,1,0
CCCA04035,2019-07-13,YaoundÃ©,Mvog-Betsi,AI,,,0,0
CCCA04036,2019-07-13,YaoundÃ©,Mvog-Betsi,AI,,,0,0
CCCA04037,2019-07-13,YaoundÃ©,Mvog-Betsi,AI,,,0,0
CCCA04038,2019-07-13,YaoundÃ©,Mvog-Betsi,AI,,,0,0
CCCA04052,2019-07-13,YaoundÃ©,Mvog-Betsi,AI,,,0,0
CCCA04053,2019-07-13,YaoundÃ©,Mvog-Betsi,AI,,,0,0
CCCA04055,2019-07-13,YaoundÃ©,Mvog-Betsi,AI,,,1,0
CCCA04056,2019-07-15,YaoundÃ©,Mvog-Betsi,AI,,,0,0
CCCA04058,2019-07-15,YaoundÃ©,Mvog-Betsi,AI,,,1,0
CCCA04062,2019-07-15,YaoundÃ©,Mvog-Betsi,AI,,,0,0
CCCA04064,2019-07-15,YaoundÃ©,Mvog-Betsi,AI,,,0,0
CCCA04067,2019-07-16,YaoundÃ©,Mvog-Betsi,AI,,,0,0
CCCA04076,2019-07-16,YaoundÃ©,Mvog-Betsi,AI,,,0,0
CCCA04079,2019-07-16,YaoundÃ©,Mvog-Betsi,AI,,,0,0
CCCA04086,2019-07-16,YaoundÃ©,Mvog-Betsi,AI,,,0,0
CCCA04091,2019-07-16,YaoundÃ©,Mvog-Betsi,AI,,,0,0
CCCA04093,2019-07-16,YaoundÃ©,Mvog-Betsi,AI,,,0,0
CCCA04100,2019-07-17,YaoundÃ©,Mvog-Betsi,AI,,,0,0
CCCA04105,2019-07-17,YaoundÃ©,Mvog-Betsi,AI,,,0,0
CCCA04106,2019-07-17,YaoundÃ©,Mvog-Betsi,AI,,,0,0
CCCA04117,2019-07-17,YaoundÃ©,Mvog-Betsi,AI,,,0,0
CCCA04124,2019-07-18,YaoundÃ©,Mvog-Betsi,AI,,,0,0
CCCA04126,2019-07-18,YaoundÃ©,Mvog-Betsi,AI,,,0,0
CCCA04128,2019-07-18,YaoundÃ©,Mvog-Betsi,AI,,,1,0
CCCA04129,2019-07-18,YaoundÃ©,Mvog-Betsi,AI,,,0,0
CCCA04132,2019-07-18,YaoundÃ©,Mvog-Betsi,AI,,,0,0
CCCA04137,2019-07-18,YaoundÃ©,Mvog-Betsi,AI,,,0,0
CCCA04138,2019-07-18,YaoundÃ©,Mvog-Betsi,AI,,,0,0
CCCA04139,2019-07-18,YaoundÃ©,Mvog-Betsi,AI,,,0,0
CCCA04146,2019-07-18,YaoundÃ©,Mvog-Betsi,AI,,,0,0
CCCA04157,2019-07-20,Obala,Mfomakap,AI,,,0,0
CCCA04160,2019-07-20,Obala,Mfomakap,AI,,,0,0
CCCA04165,2019-07-20,Obala,Mfomakap,AI,,,0,0
CCCA04167,2019-07-20,Obala,Mfomakap,AI,,,0,0
CCCA04171,2019-07-21,Obala,Mfomakap,AI,,,0,0
CCCA04173,2019-07-21,Obala,Mfomakap,AI,,,0,0
CCCA04179,2019-09-14,YaoundÃ©,Mvog-Betsi,AI,,,1,0
CCCA04185,2019-09-14,YaoundÃ©,Mvog-Betsi,AI,,,1,0
CCCA04187,2019-09-14,YaoundÃ©,Mvog-Betsi,AI,,,0,0
CCCA04189,2019-09-14,YaoundÃ©,Mvog-Betsi,AI,,,1,0
CCCA04190,2019-09-14,YaoundÃ©,Mvog-Betsi,AI,,,1,0
CCCA04194,2019-09-16,YaoundÃ©,Mvog-Betsi,AI,,,1,0
CCCA04197,2019-09-16,YaoundÃ©,Mvog-Betsi,AI,,,0,0
CCCA04198,2019-09-16,YaoundÃ©,Mvog-Betsi,AI,,,0,0
CCCA04203,2019-09-17,YaoundÃ©,Mvog-Betsi,AI,,,1,0
CCCA04204,2019-09-17,YaoundÃ©,Mvog-Betsi,AI,,,1,0
CCCA04205,2019-09-17,YaoundÃ©,Mvog-Betsi,AI,,,0,0
CCCA04206,2019-09-17,YaoundÃ©,Mvog-Betsi,AI,,,1,0
CCCA04208,2019-09-17,YaoundÃ©,Mvog-Betsi,AI,,,1,0
CCCA04210,2019-09-17,YaoundÃ©,Mvog-Betsi,AI,,,1,0
CCCA04211,2019-09-17,YaoundÃ©,Mvog-Betsi,AI,,,1,0
CCCA04213,2019-09-17,YaoundÃ©,Mvog-Betsi,AI,,,0,0
CCCA04214,2019-09-17,YaoundÃ©,Mvog-Betsi,AI,,,0,0
CCCA04215,2019-09-17,YaoundÃ©,Mvog-Betsi,AI,,,1,0
CCCA04219,2019-09-17,YaoundÃ©,Mvog-Betsi,AI,,,1,0
CCCA04223,2019-09-17,YaoundÃ©,Mvog-Betsi,AI,,,1,0
CCCA04224,2019-09-20,YaoundÃ©,Mvog-Betsi,AI,,,1,0
CCCA04229,2019-09-20,YaoundÃ©,Mvog-Betsi,AI,,,1,0
CCCA04240,2019-09-21,Obala,Mfomakap,AI,,,1,0
CCCA04247,2019-09-21,Obala,Mfomakap,AI,,,0,0
CCCA04252,2019-09-21,Obala,Mfomakap,AI,,,0,0
CCCA04289,2019-10-09,YaoundÃ©,Mvog-Betsi,AI,,,1,0
CCCA04305,2019-10-09,YaoundÃ©,Mvog-Betsi,AI,,,1,0
CCCA04308,2019-10-10,YaoundÃ©,Mvog-Betsi,AI,,,1,0
CCCA04309,2019-10-10,YaoundÃ©,Mvog-Betsi,AI,,,1,0
CCCA04314,2019-10-10,YaoundÃ©,Mvog-Betsi,AI,,,0,0
CCCA04315,2019-10-10,YaoundÃ©,Mvog-Betsi,AI,,,1,0
CCCA04319,2019-10-10,YaoundÃ©,Mvog-Betsi,AI,,,0,0
CCCA04321,2019-10-10,YaoundÃ©,Mvog-Betsi,AI,,,0,0
CCCA04329,2019-10-11,YaoundÃ©,Mvog-Betsi,AI,,,1,0
CCCA04330,2019-10-11,YaoundÃ©,Mvog-Betsi,AI,,,1,0
CCCA04331,2019-10-11,YaoundÃ©,Mvog-Betsi,AI,,,0,0
CCCA04338,2019-10-11,YaoundÃ©,Mvog-Betsi,AI,,,1,0
CCCA04339,2019-10-11,YaoundÃ©,Mvog-Betsi,AI,,,0,0
CCCA04340,2019-10-11,YaoundÃ©,Mvog-Betsi,AI,,,0,0
CCCA04351,2019-10-17,Obala,Mfomakap,AI,,,0,0
CCCA04355,2019-10-17,Obala,Mfomakap,AI,,,0,0
CCCA04356,2019-10-17,Obala,Mfomakap,AI,,,1,0
CCCA04357,2019-10-17,Obala,Mfomakap,AI,,,1,0
CCCA04360,2019-10-17,Obala,Mfomakap,AI,,,1,0
CCCA04266,2019-10-21,Obala,Mfomakap,AI,,,0,0
CCCA04362,2019-10-29,YaoundÃ©,Mvog-Betsi,AI,,,0,0
CCCA04367,2019-10-30,YaoundÃ©,Mvog-Betsi,AI,,,1,0
CCCA04368,2019-10-30,YaoundÃ©,Mvog-Betsi,AI,,,1,0
CCCA04379,2019-11-01,YaoundÃ©,Mvog-Betsi,AI,,,1,0
CCCA04381,2019-11-01,YaoundÃ©,Mvog-Betsi,AI,,,1,0
CCCA04386,2019-11-04,Obala,Mfomakap,AI,,,1,0
CCCA04398,2019-11-04,Obala,Mfomakap,AI,,,1,0
CCCA04405,2019-11-04,Obala,Mfomakap,AI,,,0,0
CCCA04412,2019-11-05,Obala,Mfomakap,AI,,,0,0
CCCA04419,2019-11-05,Obala,Mfomakap,AI,,,1,0
CCCA04425,2019-11-06,Obala,Mfomakap,AI,,,1,0
CCCA04426,2019-11-06,Obala,Mfomakap,AI,,,1,0
CCCA04427,2019-11-06,Obala,Mfomakap,AI,,,1,0
CCCA04438,2019-11-22,YaoundÃ©,Mvog-Betsi,AI,,,1,0
CCCA04439,2019-11-22,YaoundÃ©,Mvog-Betsi,AI,,,1,0
CCCA04448,2019-11-22,YaoundÃ©,Mvog-Betsi,AI,,,1,0
CCCA04449,2019-11-22,YaoundÃ©,Mvog-Betsi,AI,,,0,0
CCCA04452,2019-11-22,YaoundÃ©,Mvog-Betsi,AI,,,1,0
CCCA04454,2019-11-22,YaoundÃ©,Mvog-Betsi,AI,,,1,0
CCCA04457,2019-11-23,YaoundÃ©,Mvog-Betsi,AI,,,0,0
CCCA04458,2019-11-23,YaoundÃ©,Mvog-Betsi,AI,,,1,0
CCCA04466,2019-11-25,YaoundÃ©,Mvog-Betsi,AI,,,1,0
CCCA04469,2019-11-25,YaoundÃ©,Mvog-Betsi,AI,,,1,0
CCCA04473,2019-11-26,YaoundÃ©,Mvog-Betsi,AI,,,0,0
CCCA04488,2019-11-29,Obala,Mfomakap,AI,,,0,0
CCCA04489,2019-11-29,Obala,Mfomakap,AI,,,1,0
CCCA04494,2019-11-29,Obala,Mfomakap,AI,,,1,0
CCCA04498,2019-11-29,Obala,Mfomakap,AI,,,1,0
CCCA04502,2019-11-29,Obala,Mfomakap,AI,,,0,0
CCCA04518,2019-11-29,Obala,Mfomakap,AI,,,1,0
CCCA04519,2019-11-29,Obala,Mfomakap,AI,,,1,0
CCCA04523,2019-11-30,Obala,Mfomakap,AI,,,1,0
CCCA04538,2019-11-30,Obala,Mfomakap,AI,,,1,0
CCCA04540,2019-11-30,Obala,Mfomakap,AI,,,0,0
CCCA04541,2019-11-30,Obala,Mfomakap,AI,,,1,0
CCCA04546,2019-11-30,Obala,Mfomakap,AI,,,1,0
CCCA03710,2019-04-02,Yaounde,Mvog-Betsi,J,0,1,0,1
CCCA03643,2019-03-28,Yaounde,Mvog-Betsi,J,0,0,0,1
CCCA03653,2019-03-28,Yaounde,Mvog-Betsi,J,0,0,0,1
CCCA03656,2019-03-29,Yaounde,Mvog-Betsi,J,0,0,0,1
CCCA03689,2019-04-01,Yaounde,Mvog-Betsi,J,0,0,1,1
CCCA03691,2019-04-01,Yaounde,Mvog-Betsi,J,0,0,0,1
CCCA03708,2019-04-02,Yaounde,Mvog-Betsi,J,0,0,0,1
CCCA03760,2019-05-03,YaoundÃ©,Mvog-Betsi,J,0,0,0,1
CCCA03763,2019-05-03,YaoundÃ©,Mvog-Betsi,J,0,0,0,1
CCCA03766,2019-05-03,YaoundÃ©,Mvog-Betsi,J,0,0,0,1
CCCA03773,2019-05-03,YaoundÃ©,Mvog-Betsi,J,0,0,0,1
CCCA03774,2019-05-03,YaoundÃ©,Mvog-Betsi,J,0,0,0,1
CCCA03776,2019-05-03,YaoundÃ©,Mvog-Betsi,J,0,0,0,1
CCCA03777,2019-05-03,YaoundÃ©,Mvog-Betsi,J,0,0,0,1
CCCA03778,2019-05-03,YaoundÃ©,Mvog-Betsi,J,0,0,0,1
CCCA03779,2019-05-03,YaoundÃ©,Mvog-Betsi,J,0,0,0,1
CCCA03781,2019-05-03,YaoundÃ©,Mvog-Betsi,J,0,0,0,1
CCCA03786,2019-05-03,YaoundÃ©,Mvog-Betsi,J,0,0,0,1
CCCA03789,2019-05-03,YaoundÃ©,Mvog-Betsi,J,0,0,0,1
CCCA03801,2019-05-04,YaoundÃ©,Mvog-Betsi,J,0,0,0,1
CCCA03803,2019-05-04,YaoundÃ©,Mvog-Betsi,J,0,0,0,1
CCCA03804,2019-05-04,YaoundÃ©,Mvog-Betsi,J,0,0,0,1
CCCA03811,2019-05-04,YaoundÃ©,Mvog-Betsi,J,0,0,0,1
CCCA03815,2019-05-04,YaoundÃ©,Mvog-Betsi,J,0,0,0,1
CCCA03817,2019-05-04,YaoundÃ©,Mvog-Betsi,J,0,0,0,1
CCCA03821,2019-05-04,YaoundÃ©,Mvog-Betsi,J,0,0,0,1
CCCA03822,2019-05-04,YaoundÃ©,Mvog-Betsi,J,0,0,0,1
CCCA03823,2019-05-04,YaoundÃ©,Mvog-Betsi,J,0,0,0,1
CCCA03824,2019-05-04,YaoundÃ©,Mvog-Betsi,J,0,0,0,1
CCCA03825,2019-05-04,YaoundÃ©,Mvog-Betsi,J,0,0,0,1
CCCA03826,2019-05-04,YaoundÃ©,Mvog-Betsi,J,0,0,0,1
CCCA03828,2019-05-04,YaoundÃ©,Mvog-Betsi,J,0,0,0,1
CCCA03829,2019-05-06,YaoundÃ©,Mvog-Betsi,J,0,0,0,1
CCCA03837,2019-05-06,YaoundÃ©,Mvog-Betsi,J,0,0,0,1
CCCA03838,2019-05-06,YaoundÃ©,Mvog-Betsi,J,0,0,0,1
CCCA03840,2019-05-06,YaoundÃ©,Mvog-Betsi,J,0,0,0,1
CCCA03849,2019-05-07,YaoundÃ©,Mvog-Betsi,J,0,0,0,1
CCCA03850,2019-05-07,YaoundÃ©,Mvog-Betsi,J,0,0,0,1
CCCA03851,2019-05-07,YaoundÃ©,Mvog-Betsi,J,0,0,0,1
CCCA03857,2019-05-07,YaoundÃ©,Mvog-Betsi,J,0,0,0,1
CCCA03858,2019-05-07,YaoundÃ©,Mvog-Betsi,J,0,0,0,1
CCCA03860,2019-05-07,YaoundÃ©,Mvog-Betsi,J,0,0,0,1
CCCA03869,2019-05-07,YaoundÃ©,Mvog-Betsi,J,0,0,0,1
CCCA03874,2019-05-09,YaoundÃ©,Mvog-Betsi,J,0,0,0,1
CCCA03875,2019-05-09,YaoundÃ©,Mvog-Betsi,J,0,0,0,1
CCCA03879,2019-05-09,YaoundÃ©,Mvog-Betsi,J,0,0,0,1
CCCA03881,2019-05-09,YaoundÃ©,Mvog-Betsi,J,0,0,0,1
CCCA03886,2019-05-09,YaoundÃ©,Mvog-Betsi,J,0,0,0,1
CCCA03887,2019-05-09,YaoundÃ©,Mvog-Betsi,J,0,0,0,1
CCCA03888,2019-05-10,YaoundÃ©,Mvog-Betsi,J,0,0,0,1
CCCA03893,2019-05-10,YaoundÃ©,Mvog-Betsi,J,0,0,0,1
CCCA03897,2019-05-10,YaoundÃ©,Mvog-Betsi,J,0,0,0,1
CCCA03899,2019-05-10,YaoundÃ©,Mvog-Betsi,J,0,0,0,1
CCCA03902,2019-05-10,YaoundÃ©,Mvog-Betsi,J,0,0,0,1
CCCA03903,2019-05-10,YaoundÃ©,Mvog-Betsi,J,0,0,0,1
CCCA03906,2019-05-10,YaoundÃ©,Mvog-Betsi,J,0,0,0,1
CCCA03907,2019-05-10,YaoundÃ©,Mvog-Betsi,J,0,0,0,1
CCCA03909,2019-05-11,YaoundÃ©,Mvog-Betsi,J,0,0,0,1
CCCA03913,2019-05-11,YaoundÃ©,Mvog-Betsi,J,0,0,0,1
CCCA03915,2019-05-11,YaoundÃ©,Mvog-Betsi,J,0,0,0,1
CCCA03919,2019-05-11,YaoundÃ©,Mvog-Betsi,J,0,0,0,1
CCCA03922,2019-05-11,YaoundÃ©,Mvog-Betsi,J,0,0,0,1
CCCA03926,2019-05-11,YaoundÃ©,Mvog-Betsi,J,0,0,0,1
CCCA03928,2019-05-11,YaoundÃ©,Mvog-Betsi,J,0,0,0,1
CCCA03934,2019-06-12,YaoundÃ©,Mvog-Betsi,J,0,0,1,1
CCCA03936,2019-06-12,YaoundÃ©,Mvog-Betsi,J,0,0,0,1
CCCA03938,2019-06-12,YaoundÃ©,Mvog-Betsi,J,0,0,0,1
CCCA03940,2019-06-12,YaoundÃ©,Mvog-Betsi,J,0,0,0,1
CCCA03941,2019-06-12,YaoundÃ©,Mvog-Betsi,J,0,0,0,1
CCCA03942,2019-06-12,YaoundÃ©,Mvog-Betsi,J,0,0,0,1
CCCA03956,2019-06-12,YaoundÃ©,Mvog-Betsi,J,0,0,0,1
CCCA03957,2019-06-12,YaoundÃ©,Mvog-Betsi,J,0,0,0,1
CCCA03958,2019-06-12,YaoundÃ©,Mvog-Betsi,J,0,0,0,1
CCCA03959,2019-06-12,YaoundÃ©,Mvog-Betsi,J,0,0,0,1
CCCA03960,2019-06-12,YaoundÃ©,Mvog-Betsi,J,0,0,0,1
CCCA03965,2019-06-12,YaoundÃ©,Mvog-Betsi,J,0,0,0,1
CCCA03968,2019-06-12,YaoundÃ©,Mvog-Betsi,J,0,0,0,1
CCCA03969,2019-06-15,YaoundÃ©,Mvog-Betsi,J,0,0,0,1
CCCA03970,2019-06-15,YaoundÃ©,Mvog-Betsi,J,0,0,0,1
CCCA03972,2019-06-15,YaoundÃ©,Mvog-Betsi,J,0,0,0,1
CCCA03973,2019-06-15,YaoundÃ©,Mvog-Betsi,J,0,0,0,1
CCCA03975,2019-06-15,YaoundÃ©,Mvog-Betsi,J,0,0,0,1
CCCA03976,2019-06-15,YaoundÃ©,Mvog-Betsi,J,0,0,0,1
CCCA03978,2019-06-15,YaoundÃ©,Mvog-Betsi,J,0,0,0,1
CCCA03979,2019-06-15,YaoundÃ©,Mvog-Betsi,J,0,0,0,1
CCCA03982,2019-06-15,YaoundÃ©,Mvog-Betsi,J,0,0,0,1
CCCA03989,2019-06-17,YaoundÃ©,Mvog-Betsi,J,0,0,0,1
CCCA03990,2019-06-17,YaoundÃ©,Mvog-Betsi,J,0,0,0,1
CCCA03991,2019-06-17,YaoundÃ©,Mvog-Betsi,J,0,0,0,1
CCCA03996,2019-06-18,YaoundÃ©,Mvog-Betsi,J,0,0,0,1
CCCA03998,2019-06-18,YaoundÃ©,Mvog-Betsi,J,0,0,0,1
CCCA04002,2019-06-18,YaoundÃ©,Mvog-Betsi,J,0,0,0,1
CCCA04008,2019-06-19,Obala,Mfomakap,J,0,0,0,1
CCCA04009,2019-06-19,Obala,Mfomakap,J,0,0,0,1
CCCA04016,2019-06-19,Obala,Mfomakap,J,0,0,0,1
CCCA04046,2019-07-13,YaoundÃ©,Mvog-Betsi,J,0,0,0,1
CCCA04057,2019-07-15,YaoundÃ©,Mvog-Betsi,J,0,0,1,1
CCCA04074,2019-07-16,YaoundÃ©,Mvog-Betsi,J,0,0,0,1
CCCA04078,2019-07-16,YaoundÃ©,Mvog-Betsi,J,0,0,0,1
CCCA04081,2019-07-16,YaoundÃ©,Mvog-Betsi,J,0,0,0,1
CCCA04085,2019-07-16,YaoundÃ©,Mvog-Betsi,J,0,0,1,1
CCCA04089,2019-07-16,YaoundÃ©,Mvog-Betsi,J,0,0,1,1
CCCA04111,2019-07-17,YaoundÃ©,Mvog-Betsi,J,0,0,0,1
CCCA04114,2019-07-17,YaoundÃ©,Mvog-Betsi,J,0,0,0,1
CCCA04118,2019-07-17,YaoundÃ©,Mvog-Betsi,J,0,0,0,1
CCCA04149,2019-07-18,YaoundÃ©,Mvog-Betsi,J,0,0,0,1
CCCA04196,2019-09-16,YaoundÃ©,Mvog-Betsi,J,0,0,0,1
CCCA03623,2019-03-28,Yaounde,Mvog-Betsi,J,,,0,1
CCCA03673,2019-03-29,Yaounde,Mvog-Betsi,J,,,0,1
CCCA03682,2019-04-01,Yaounde,Mvog-Betsi,J,,,0,1
CCCA03693,2019-04-01,Yaounde,Mvog-Betsi,J,,,0,1
CCCA03702,2019-04-02,Yaounde,Mvog-Betsi,J,,,0,1
CCCA03709,2019-04-02,Yaounde,Mvog-Betsi,J,,,0,1
CCCA03757,2019-05-03,YaoundÃ©,Mvog-Betsi,J,,,0,1
CCCA03764,2019-05-03,YaoundÃ©,Mvog-Betsi,J,,,0,1
CCCA03769,2019-05-03,YaoundÃ©,Mvog-Betsi,J,,,0,1
CCCA03770,2019-05-03,YaoundÃ©,Mvog-Betsi,J,,,0,1
CCCA03772,2019-05-03,YaoundÃ©,Mvog-Betsi,J,,,0,1
CCCA03775,2019-05-03,YaoundÃ©,Mvog-Betsi,J,,,0,1
CCCA03782,2019-05-03,YaoundÃ©,Mvog-Betsi,J,,,0,1
CCCA03783,2019-05-03,YaoundÃ©,Mvog-Betsi,J,,,0,1
CCCA03784,2019-05-03,YaoundÃ©,Mvog-Betsi,J,,,0,1
CCCA03788,2019-05-03,YaoundÃ©,Mvog-Betsi,J,,,0,1
CCCA03791,2019-05-03,YaoundÃ©,Mvog-Betsi,J,,,0,1
CCCA03798,2019-05-04,YaoundÃ©,Mvog-Betsi,J,,,0,1
CCCA03802,2019-05-04,YaoundÃ©,Mvog-Betsi,J,,,0,1
CCCA03805,2019-05-04,YaoundÃ©,Mvog-Betsi,J,,,0,1
CCCA03806,2019-05-04,YaoundÃ©,Mvog-Betsi,J,,,0,1
CCCA03807,2019-05-04,YaoundÃ©,Mvog-Betsi,J,,,0,1
CCCA03808,2019-05-04,YaoundÃ©,Mvog-Betsi,J,,,0,1
CCCA03810,2019-05-04,YaoundÃ©,Mvog-Betsi,J,,,0,1
CCCA03812,2019-05-04,YaoundÃ©,Mvog-Betsi,J,,,0,1
CCCA03814,2019-05-04,YaoundÃ©,Mvog-Betsi,J,,,0,1
CCCA03831,2019-05-06,YaoundÃ©,Mvog-Betsi,J,,,0,1
CCCA03832,2019-05-06,YaoundÃ©,Mvog-Betsi,J,,,0,1
CCCA03833,2019-05-06,YaoundÃ©,Mvog-Betsi,J,,,0,1
CCCA03836,2019-05-06,YaoundÃ©,Mvog-Betsi,J,,,0,1
CCCA03839,2019-05-06,YaoundÃ©,Mvog-Betsi,J,,,0,1
CCCA03841,2019-05-06,YaoundÃ©,Mvog-Betsi,J,,,0,1
CCCA03842,2019-05-06,YaoundÃ©,Mvog-Betsi,J,,,0,1
CCCA03846,2019-05-06,YaoundÃ©,Mvog-Betsi,J,,,0,1
CCCA03847,2019-05-07,YaoundÃ©,Mvog-Betsi,J,,,0,1
CCCA03856,2019-05-07,YaoundÃ©,Mvog-Betsi,J,,,0,1
CCCA03859,2019-05-07,YaoundÃ©,Mvog-Betsi,J,,,0,1
CCCA03861,2019-05-07,YaoundÃ©,Mvog-Betsi,J,,,0,1
CCCA03862,2019-05-07,YaoundÃ©,Mvog-Betsi,J,,,0,1
CCCA03864,2019-05-07,YaoundÃ©,Mvog-Betsi,J,,,0,1
CCCA03867,2019-05-07,YaoundÃ©,Mvog-Betsi,J,,,0,1
CCCA03868,2019-05-07,YaoundÃ©,Mvog-Betsi,J,,,0,1
CCCA03870,2019-05-07,YaoundÃ©,Mvog-Betsi,J,,,0,1
CCCA03871,2019-05-07,YaoundÃ©,Mvog-Betsi,J,,,0,1
CCCA03873,2019-05-07,YaoundÃ©,Mvog-Betsi,J,,,0,1
CCCA03878,2019-05-09,YaoundÃ©,Mvog-Betsi,J,,,0,1
CCCA03880,2019-05-09,YaoundÃ©,Mvog-Betsi,J,,,0,1
CCCA03882,2019-05-09,YaoundÃ©,Mvog-Betsi,J,,,0,1
CCCA03883,2019-05-09,YaoundÃ©,Mvog-Betsi,J,,,0,1
CCCA03889,2019-05-10,YaoundÃ©,Mvog-Betsi,J,,,0,1
CCCA03890,2019-05-10,YaoundÃ©,Mvog-Betsi,J,,,0,1
CCCA03891,2019-05-10,YaoundÃ©,Mvog-Betsi,J,,,0,1
CCCA03895,2019-05-10,YaoundÃ©,Mvog-Betsi,J,,,0,1
CCCA03898,2019-05-10,YaoundÃ©,Mvog-Betsi,J,,,0,1
CCCA03900,2019-05-10,YaoundÃ©,Mvog-Betsi,J,,,0,1
CCCA03905,2019-05-10,YaoundÃ©,Mvog-Betsi,J,,,0,1
CCCA03908,2019-05-11,YaoundÃ©,Mvog-Betsi,J,,,0,1
CCCA03911,2019-05-11,YaoundÃ©,Mvog-Betsi,J,,,0,1
CCCA03912,2019-05-11,YaoundÃ©,Mvog-Betsi,J,,,0,1
CCCA03914,2019-05-11,YaoundÃ©,Mvog-Betsi,J,,,0,1
CCCA03916,2019-05-11,YaoundÃ©,Mvog-Betsi,J,,,0,1
CCCA03920,2019-05-11,YaoundÃ©,Mvog-Betsi,J,,,0,1
CCCA03921,2019-05-11,YaoundÃ©,Mvog-Betsi,J,,,1,1
CCCA03924,2019-05-11,YaoundÃ©,Mvog-Betsi,J,,,0,1
CCCA03925,2019-05-11,YaoundÃ©,Mvog-Betsi,J,,,0,1
CCCA03929,2019-05-11,YaoundÃ©,Mvog-Betsi,J,,,0,1
CCCA03930,2019-05-12,YaoundÃ©,Mvog-Betsi,J,,,0,1
CCCA03931,2019-06-12,YaoundÃ©,Mvog-Betsi,J,,,0,1
CCCA03932,2019-06-12,YaoundÃ©,Mvog-Betsi,J,,,0,1
CCCA03935,2019-06-12,YaoundÃ©,Mvog-Betsi,J,,,0,1
CCCA03937,2019-06-12,YaoundÃ©,Mvog-Betsi,J,,,0,1
CCCA03943,2019-06-12,YaoundÃ©,Mvog-Betsi,J,,,0,1
CCCA03944,2019-06-12,YaoundÃ©,Mvog-Betsi,J,,,0,1
CCCA03946,2019-06-12,YaoundÃ©,Mvog-Betsi,J,,,0,1
CCCA03947,2019-06-12,YaoundÃ©,Mvog-Betsi,J,,,0,1
CCCA03948,2019-06-12,YaoundÃ©,Mvog-Betsi,J,,,0,1
CCCA03949,2019-06-12,YaoundÃ©,Mvog-Betsi,J,,,0,1
CCCA03950,2019-06-12,YaoundÃ©,Mvog-Betsi,J,,,0,1
CCCA03951,2019-06-12,YaoundÃ©,Mvog-Betsi,J,,,0,1
CCCA03952,2019-06-12,YaoundÃ©,Mvog-Betsi,J,,,0,1
CCCA03953,2019-06-12,YaoundÃ©,Mvog-Betsi,J,,,0,1
CCCA03954,2019-06-12,YaoundÃ©,Mvog-Betsi,J,,,0,1
CCCA03955,2019-06-12,YaoundÃ©,Mvog-Betsi,J,,,0,1
CCCA03961,2019-06-12,YaoundÃ©,Mvog-Betsi,J,,,0,1
CCCA03962,2019-06-12,YaoundÃ©,Mvog-Betsi,J,,,0,1
CCCA03963,2019-06-12,YaoundÃ©,Mvog-Betsi,J,,,0,1
CCCA03966,2019-06-12,YaoundÃ©,Mvog-Betsi,J,,,0,1
CCCA03967,2019-06-12,YaoundÃ©,Mvog-Betsi,J,,,0,1
CCCA03971,2019-06-15,YaoundÃ©,Mvog-Betsi,J,,,0,1
CCCA03974,2019-06-15,YaoundÃ©,Mvog-Betsi,J,,,0,1
CCCA03977,2019-06-15,YaoundÃ©,Mvog-Betsi,J,,,0,1
CCCA03980,2019-06-15,YaoundÃ©,Mvog-Betsi,J,,,0,1
CCCA03981,2019-06-15,YaoundÃ©,Mvog-Betsi,J,,,0,1
CCCA03987,2019-06-17,YaoundÃ©,Mvog-Betsi,J,,,0,1
CCCA03988,2019-06-17,YaoundÃ©,Mvog-Betsi,J,,,0,1
CCCA03994,2019-06-18,YaoundÃ©,Mvog-Betsi,J,,,0,1
CCCA04000,2019-06-18,YaoundÃ©,Mvog-Betsi,J,,,0,1
CCCA04005,2019-06-19,Obala,Mfomakap,J,,,0,1
CCCA04010,2019-06-19,Obala,Mfomakap,J,,,0,1
CCCA04015,2019-06-19,Obala,Mfomakap,J,,,0,1
CCCA04017,2019-06-19,Obala,Mfomakap,J,,,0,1
CCCA04020,2019-06-20,Obala,Mfomakap,J,,,0,1
CCCA04022,2019-06-20,Obala,Mfomakap,J,,,0,1
CCCA04023,2019-06-20,Obala,Mfomakap,J,,,0,1
CCCA04024,2019-06-20,Obala,Mfomakap,J,,,0,1
CCCA04028,2019-06-20,Obala,Mfomakap,J,,,0,1
CCCA04029,2019-06-20,Obala,Mfomakap,J,,,0,1
CCCA04066,2019-07-16,YaoundÃ©,Mvog-Betsi,J,,,0,1
CCCA04083,2019-07-16,YaoundÃ©,Mvog-Betsi,J,,,0,1
CCCA04088,2019-07-16,YaoundÃ©,Mvog-Betsi,J,,,0,1
CCCA04103,2019-07-17,YaoundÃ©,Mvog-Betsi,J,,,0,1
CCCA04121,2019-07-18,YaoundÃ©,Mvog-Betsi,J,,,0,1
CCCA04122,2019-07-18,YaoundÃ©,Mvog-Betsi,J,,,1,1
CCCA03579,2019-02-28,Yaounde,Mvog-Betsi,,0,1,0,
CCCA03426,2019-01-19,Yaounde,Mvog-Betsi,,0,0,1,
CCCA03433,2019-01-19,Yaounde,Mvog-Betsi,,0,0,0,
CCCA03437,2019-01-19,Yaounde,Mvog-Betsi,,0,0,0,
CCCA03438,2019-01-19,Yaounde,Mvog-Betsi,,0,0,1,
CCCA03442,2019-01-19,Yaounde,Mvog-Betsi,,0,0,1,
CCCA03445,2019-01-19,Yaounde,Mvog-Betsi,,0,0,0,
CCCA03446,2019-01-19,Yaounde,Mvog-Betsi,,0,0,0,
CCCA03449,2019-01-19,Yaounde,Mvog-Betsi,,0,0,0,
CCCA03450,2019-01-20,Yaounde,Mvog-Betsi,,0,0,0,
CCCA03451,2019-01-20,Yaounde,Mvog-Betsi,,0,0,1,
CCCA03453,2019-01-20,Yaounde,Mvog-Betsi,,0,0,0,
CCCA03456,2019-01-20,Yaounde,Mvog-Betsi,,0,0,0,
CCCA03458,2019-01-20,Yaounde,Mvog-Betsi,,0,0,1,
CCCA03463,2019-01-20,Yaounde,Mvog-Betsi,,0,0,1,
CCCA03464,2019-01-20,Yaounde,Mvog-Betsi,,0,0,1,
CCCA03466,2019-01-20,Yaounde,Mvog-Betsi,,0,0,1,
CCCA03470,2019-01-21,Yaounde,Mvog-Betsi,,0,0,1,
CCCA03471,2019-01-21,Yaounde,Mvog-Betsi,,0,0,0,
CCCA03472,2019-01-21,Yaounde,Mvog-Betsi,,0,0,1,
CCCA03475,2019-01-21,Yaounde,Mvog-Betsi,,0,0,1,
CCCA03476,2019-01-21,Yaounde,Mvog-Betsi,,0,0,1,
CCCA03483,2019-01-22,Yaounde,Mvog-Betsi,,0,0,1,
CCCA03488,2019-01-23,Yaounde,Mvog-Betsi,,0,0,1,
CCCA03494,2019-01-23,Yaounde,Mvog-Betsi,,0,0,0,
CCCA03496,2019-01-23,Yaounde,Mvog-Betsi,,0,0,1,
CCCA03498,2019-01-24,Yaounde,Mvog-Betsi,,0,0,1,
CCCA03505,2019-01-24,Yaounde,Mvog-Betsi,,0,0,0,
CCCA03523,2019-01-26,Yaounde,Mvog-Betsi,,0,0,0,
CCCA03532,2019-01-27,Yaounde,Mvog-Betsi,,0,0,1,
CCCA03537,2019-01-29,Yaounde,Mvog-Betsi,,0,0,1,
CCCA03538,2019-01-29,Yaounde,Mvog-Betsi,,0,0,1,
CCCA03544,2019-01-29,Yaounde,Mvog-Betsi,,0,0,1,
CCCA03546,2019-01-29,Yaounde,Mvog-Betsi,,0,0,0,
CCCA03555,2019-01-31,Yaounde,Mvog-Betsi,,0,0,1,
CCCA03557,2019-01-31,Yaounde,Mvog-Betsi,,0,0,1,
CCCA03559,2019-02-01,Yaounde,Mvog-Betsi,,0,0,1,
CCCA03573,2019-02-26,Yaounde,Mvog-Betsi,,0,0,1,
CCCA03585,2019-03-03,Yaounde,Mvog-Betsi,,0,0,1,
CCCA03597,2019-03-05,Obala,Mfomakap,,0,0,0,
CCCA03610,2019-03-05,Obala,Mfomakap,,0,0,0,
CCCA03612,2019-03-05,Obala,Mfomakap,,0,0,1,
CCCA03619,2019-03-06,Yaounde,Mvog-Betsi,,0,0,1,
CCCA03428,2019-01-19,Yaounde,Mvog-Betsi,,1,0,0,
CCCA03474,2019-01-21,Yaounde,Mvog-Betsi,,1,0,1,
CCCA03484,2019-01-22,Yaounde,Mvog-Betsi,,1,0,0,
CCCA03501,2019-01-24,Yaounde,Mvog-Betsi,,1,0,1,
CCCA03507,2019-01-24,Yaounde,Mvog-Betsi,,1,0,1,
CCCA03599,2019-03-05,Obala,Mfomakap,,1,0,0,
CCCA03539,2019-01-29,Yaounde,Mvog-Betsi,,,0,1,
CCCA03410,2018-12-11,Yaounde,Mvog-Betsi,,,,0,
CCCA03412,2018-12-11,Yaounde,Mvog-Betsi,,,,0,
CCCA03415,2018-12-11,Yaounde,Mvog-Betsi,,,,1,
CCCA03417,2018-12-11,Yaounde,Mvog-Betsi,,,,0,
CCCA03430,2019-01-19,Yaounde,Mvog-Betsi,,,,1,
CCCA03431,2019-01-19,Yaounde,Mvog-Betsi,,,,0,
CCCA03434,2019-01-19,Yaounde,Mvog-Betsi,,,,1,
CCCA03435,2019-01-19,Yaounde,Mvog-Betsi,,,,0,
CCCA03436,2019-01-19,Yaounde,Mvog-Betsi,,,,0,
CCCA03439,2019-01-19,Yaounde,Mvog-Betsi,,,,1,
CCCA03447,2019-01-19,Yaounde,Mvog-Betsi,,,,0,
CCCA03448,2019-01-19,Yaounde,Mvog-Betsi,,,,0,
CCCA03452,2019-01-20,Yaounde,Mvog-Betsi,,,,1,
CCCA03454,2019-01-20,Yaounde,Mvog-Betsi,,,,1,
CCCA03455,2019-01-20,Yaounde,Mvog-Betsi,,,,0,
CCCA03457,2019-01-20,Yaounde,Mvog-Betsi,,,,1,
CCCA03459,2019-01-20,Yaounde,Mvog-Betsi,,,,0,
CCCA03460,2019-01-20,Yaounde,Mvog-Betsi,,,,0,
CCCA03462,2019-01-20,Yaounde,Mvog-Betsi,,,,0,
CCCA03465,2019-01-20,Yaounde,Mvog-Betsi,,,,1,
CCCA03467,2019-01-21,Yaounde,Mvog-Betsi,,,,0,
CCCA03468,2019-01-21,Yaounde,Mvog-Betsi,,,,0,
CCCA03469,2019-01-21,Yaounde,Mvog-Betsi,,,,1,
CCCA03473,2019-01-21,Yaounde,Mvog-Betsi,,,,1,
CCCA03477,2019-01-21,Yaounde,Mvog-Betsi,,,,0,
CCCA03478,2019-01-21,Yaounde,Mvog-Betsi,,,,0,
CCCA03479,2019-01-21,Yaounde,Mvog-Betsi,,,,0,
CCCA03480,2019-01-21,Yaounde,Mvog-Betsi,,,,0,
CCCA03481,2019-01-21,Yaounde,Mvog-Betsi,,,,0,
CCCA03482,2019-01-22,Yaounde,Mvog-Betsi,,,,1,
CCCA03485,2019-01-22,Yaounde,Mvog-Betsi,,,,0,
CCCA03486,2019-01-22,Yaounde,Mvog-Betsi,,,,1,
CCCA03487,2019-01-23,Yaounde,Mvog-Betsi,,,,1,
CCCA03490,2019-01-23,Yaounde,Mvog-Betsi,,,,1,
CCCA03492,2019-01-23,Yaounde,Mvog-Betsi,,,,1,
CCCA03493,2019-01-23,Yaounde,Mvog-Betsi,,,,0,
CCCA03495,2019-01-23,Yaounde,Mvog-Betsi,,,,0,
CCCA03497,2019-01-23,Yaounde,Mvog-Betsi,,,,0,
CCCA03499,2019-01-24,Yaounde,Mvog-Betsi,,,,1,
CCCA03500,2019-01-24,Yaounde,Mvog-Betsi,,,,1,
CCCA03502,2019-01-24,Yaounde,Mvog-Betsi,,,,0,
CCCA03509,2019-01-24,Yaounde,Mvog-Betsi,,,,0,
CCCA03510,2019-01-24,Yaounde,Mvog-Betsi,,,,1,
CCCA03511,2019-01-24,Yaounde,Mvog-Betsi,,,,0,
CCCA03518,2019-01-26,Yaounde,Mvog-Betsi,,,,1,
CCCA03519,2019-01-26,Yaounde,Mvog-Betsi,,,,0,
CCCA03520,2019-01-26,Yaounde,Mvog-Betsi,,,,0,
CCCA03522,2019-01-26,Yaounde,Mvog-Betsi,,,,1,
CCCA03524,2019-01-26,Yaounde,Mvog-Betsi,,,,1,
CCCA03528,2019-01-27,Yaounde,Mvog-Betsi,,,,0,
CCCA03529,2019-01-27,Yaounde,Mvog-Betsi,,,,1,
CCCA03542,2019-01-29,Yaounde,Mvog-Betsi,,,,0,
CCCA03545,2019-01-29,Yaounde,Mvog-Betsi,,,,0,
CCCA03549,2019-01-31,Yaounde,Mvog-Betsi,,,,1,
CCCA03550,2019-01-31,Yaounde,Mvog-Betsi,,,,1,
CCCA03551,2019-01-31,Yaounde,Mvog-Betsi,,,,0,
CCCA03552,2019-01-31,Yaounde,Mvog-Betsi,,,,1,
CCCA03556,2019-01-31,Yaounde,Mvog-Betsi,,,,0,
CCCA03565,2019-02-01,Yaounde,Mvog-Betsi,,,,1,
CCCA03566,2019-02-01,Yaounde,Mvog-Betsi,,,,1,
CCCA03569,2019-02-26,Yaounde,Mvog-Betsi,,,,0,
CCCA03570,2019-02-26,Yaounde,Mvog-Betsi,,,,0,
CCCA03576,2019-02-28,Yaounde,Mvog-Betsi,,,,0,
CCCA03587,2019-03-03,Yaounde,Mvog-Betsi,,,,1,
CCCA03591,2019-03-05,Obala,Mfomakap,,,,0,
CCCA03595,2019-03-05,Obala,Mfomakap,,,,0,
CCCA03608,2019-03-05,Obala,Mfomakap,,,,0,
CCCA03609,2019-03-05,Obala,Mfomakap,,,,1,
CCCA03620,2019-03-06,Yaounde,Mvog-Betsi,,,,1,
